"";"year";"I380041";"I380051";"I381071";"I382102";"I380031";"I381092";"I382101";"I381062";"I381061";"I380011";"I380021";"I381072";"I382121";"I382111";"I380042";"LM572031";"LM572032";"LM572051";"LM572062";"LM572021";"LM572052";"LM572061";"LM572091";"LM572072";"LM572011";"LM572012";"LM572041";"LM572071";"LM572042";"LM572022";"FW375041";"FW375051";"FW376071";"FW376102";"FW375031";"FW376092";"FW376101";"FW375062";"FW375061";"FW375011";"FW375021";"FW376072";"FW376121";"FW376111";"FW375042";"C570032";"C570042";"C570061";"C570091";"C570022";"C570081";"C570082";"C570052";"C570051";"C570011";"C570021";"C570012";"C570041";"C570092";"C570111";"GD569041";"GD569052";"GD569072";"GD568111";"GD569031";"GD568101";"GD568121";"GD569071";"GD569062";"GD569012";"GD569022";"GD569021";"GD572131";"GD568112";"GD568122"
"1";"1671";NA;NA;NA;NA;NA;NA;NA;NA;NA;NA;NA;NA;NA;NA;NA;NA;NA;NA;NA;NA;NA;NA;NA;NA;NA;NA;NA;NA;NA;NA;NA;NA;NA;NA;NA;NA;NA;NA;NA;NA;NA;NA;NA;NA;NA;NA;NA;NA;NA;NA;NA;NA;NA;NA;NA;NA;NA;NA;NA;NA;NA;NA;NA;NA;NA;NA;NA;NA;NA;NA;NA;NA;NA;NA;NA
"2";"1672";NA;NA;NA;NA;NA;NA;NA;NA;NA;NA;NA;NA;NA;NA;NA;NA;NA;NA;NA;NA;NA;NA;NA;NA;NA;NA;NA;NA;NA;NA;NA;NA;NA;NA;NA;NA;NA;NA;NA;NA;NA;NA;NA;NA;NA;NA;NA;NA;NA;NA;NA;NA;NA;NA;NA;NA;NA;NA;NA;NA;NA;NA;NA;NA;NA;NA;NA;NA;NA;NA;NA;NA;NA;NA;NA
"3";"1673";NA;NA;NA;NA;NA;NA;NA;NA;NA;NA;NA;NA;NA;NA;NA;NA;NA;NA;NA;NA;NA;NA;NA;NA;NA;NA;NA;NA;NA;NA;NA;NA;NA;NA;NA;NA;NA;NA;NA;NA;NA;NA;NA;NA;NA;NA;NA;NA;NA;NA;NA;NA;NA;NA;NA;NA;NA;NA;NA;NA;NA;NA;NA;NA;NA;NA;NA;NA;NA;NA;NA;NA;NA;NA;NA
"4";"1674";NA;NA;NA;NA;NA;NA;NA;NA;NA;NA;NA;NA;NA;NA;NA;NA;NA;NA;NA;NA;NA;NA;NA;NA;NA;NA;NA;NA;NA;NA;NA;NA;NA;NA;NA;NA;NA;NA;NA;NA;NA;NA;NA;NA;NA;NA;NA;NA;NA;NA;NA;NA;NA;NA;NA;NA;NA;NA;NA;NA;NA;NA;NA;NA;NA;NA;NA;NA;NA;NA;NA;NA;NA;NA;NA
"5";"1675";NA;NA;NA;NA;NA;NA;NA;NA;NA;NA;NA;NA;NA;NA;NA;NA;NA;NA;NA;NA;NA;NA;NA;NA;NA;NA;NA;NA;NA;NA;NA;NA;NA;NA;NA;NA;NA;NA;NA;NA;NA;NA;NA;NA;NA;NA;NA;NA;NA;NA;NA;NA;NA;NA;NA;NA;NA;NA;NA;NA;NA;NA;NA;NA;NA;NA;NA;NA;NA;NA;NA;NA;NA;NA;NA
"6";"1676";NA;NA;NA;NA;NA;NA;NA;NA;NA;NA;NA;NA;NA;NA;NA;NA;NA;NA;NA;NA;NA;NA;NA;NA;NA;NA;NA;NA;NA;NA;NA;NA;NA;NA;NA;NA;NA;NA;NA;NA;NA;NA;NA;NA;NA;NA;NA;NA;NA;NA;NA;NA;NA;NA;NA;NA;NA;NA;NA;NA;NA;NA;NA;NA;NA;NA;NA;NA;NA;NA;NA;NA;NA;NA;NA
"7";"1677";NA;NA;NA;NA;NA;NA;NA;NA;NA;NA;NA;NA;NA;NA;NA;NA;NA;NA;NA;NA;NA;NA;NA;NA;NA;NA;NA;NA;NA;NA;NA;NA;NA;NA;NA;NA;NA;NA;NA;NA;NA;NA;NA;NA;NA;NA;NA;NA;NA;NA;NA;NA;NA;NA;NA;NA;NA;NA;NA;NA;NA;NA;NA;NA;NA;NA;NA;NA;NA;NA;NA;NA;NA;NA;NA
"8";"1678";NA;NA;NA;NA;NA;NA;NA;NA;NA;NA;NA;NA;NA;NA;NA;NA;NA;NA;NA;NA;NA;NA;NA;NA;NA;NA;NA;NA;NA;NA;NA;NA;NA;NA;NA;NA;NA;NA;NA;NA;NA;NA;NA;NA;NA;NA;NA;NA;NA;NA;NA;NA;NA;NA;NA;NA;NA;NA;NA;NA;NA;NA;NA;NA;NA;NA;NA;NA;NA;NA;NA;NA;NA;NA;NA
"9";"1679";NA;NA;NA;NA;NA;NA;NA;NA;NA;NA;NA;NA;NA;NA;NA;NA;NA;NA;NA;NA;NA;NA;NA;NA;NA;NA;NA;NA;NA;NA;NA;NA;NA;NA;NA;NA;NA;NA;NA;NA;NA;NA;NA;NA;NA;NA;NA;NA;NA;NA;NA;NA;NA;NA;NA;NA;NA;NA;NA;NA;NA;NA;NA;NA;NA;NA;NA;NA;NA;NA;NA;NA;NA;NA;NA
"10";"1680";NA;NA;NA;NA;NA;NA;NA;NA;NA;NA;NA;NA;NA;NA;NA;NA;NA;NA;NA;NA;NA;NA;NA;NA;NA;NA;NA;NA;NA;NA;NA;NA;NA;NA;NA;NA;NA;NA;NA;NA;NA;NA;NA;NA;NA;NA;NA;NA;NA;NA;NA;NA;NA;NA;NA;NA;NA;NA;NA;NA;NA;NA;NA;NA;NA;NA;NA;NA;NA;NA;NA;NA;NA;NA;NA
"11";"1681";NA;NA;NA;NA;NA;NA;NA;NA;NA;NA;NA;NA;NA;NA;NA;NA;NA;NA;NA;NA;NA;NA;NA;NA;NA;NA;NA;NA;NA;NA;NA;NA;NA;NA;NA;NA;NA;NA;NA;NA;NA;NA;NA;NA;NA;NA;NA;NA;NA;NA;NA;NA;NA;NA;NA;NA;NA;NA;NA;NA;NA;NA;NA;NA;NA;NA;NA;NA;NA;NA;NA;NA;NA;NA;NA
"12";"1682";NA;NA;NA;NA;NA;NA;NA;NA;NA;NA;NA;NA;NA;NA;NA;NA;NA;NA;NA;NA;NA;NA;NA;NA;NA;NA;NA;NA;NA;NA;NA;NA;NA;NA;NA;NA;NA;NA;NA;NA;NA;NA;NA;NA;NA;NA;NA;NA;NA;NA;NA;NA;NA;NA;NA;NA;NA;NA;NA;NA;NA;NA;NA;NA;NA;NA;NA;NA;NA;NA;NA;NA;NA;NA;NA
"13";"1683";NA;NA;NA;NA;NA;NA;NA;NA;NA;NA;NA;NA;NA;NA;NA;NA;NA;NA;NA;NA;NA;NA;NA;NA;NA;NA;NA;NA;NA;NA;NA;NA;NA;NA;NA;NA;NA;NA;NA;NA;NA;NA;NA;NA;NA;NA;NA;NA;NA;NA;NA;NA;NA;NA;NA;NA;NA;NA;NA;NA;NA;NA;NA;NA;NA;NA;NA;NA;NA;NA;NA;NA;NA;NA;NA
"14";"1684";NA;NA;NA;NA;NA;NA;NA;NA;NA;NA;NA;NA;NA;NA;NA;NA;NA;NA;NA;NA;NA;NA;NA;NA;NA;NA;NA;NA;NA;NA;NA;NA;NA;NA;NA;NA;NA;NA;NA;NA;NA;NA;NA;NA;NA;NA;NA;NA;NA;NA;NA;NA;NA;NA;NA;NA;NA;NA;NA;NA;NA;NA;NA;NA;NA;NA;NA;NA;NA;NA;NA;NA;NA;NA;NA
"15";"1685";NA;NA;NA;NA;NA;NA;NA;NA;NA;NA;NA;NA;NA;NA;NA;NA;NA;NA;NA;NA;NA;NA;NA;NA;NA;NA;NA;NA;NA;NA;NA;NA;NA;NA;NA;NA;NA;NA;NA;NA;NA;NA;NA;NA;NA;NA;NA;NA;NA;NA;NA;NA;NA;NA;NA;NA;NA;NA;NA;NA;NA;NA;NA;NA;NA;NA;NA;NA;NA;NA;NA;NA;NA;NA;NA
"16";"1686";NA;NA;NA;NA;NA;NA;NA;NA;NA;NA;NA;NA;NA;NA;NA;NA;NA;NA;NA;NA;NA;NA;NA;NA;NA;NA;NA;NA;NA;NA;NA;NA;NA;NA;NA;NA;NA;NA;NA;NA;NA;NA;NA;NA;NA;NA;NA;NA;NA;NA;NA;NA;NA;NA;NA;NA;NA;NA;NA;NA;NA;NA;NA;NA;NA;NA;NA;NA;NA;NA;NA;NA;NA;NA;NA
"17";"1687";NA;NA;NA;NA;NA;NA;NA;NA;NA;NA;NA;NA;NA;NA;NA;NA;NA;NA;NA;NA;NA;NA;NA;NA;NA;NA;NA;NA;NA;NA;NA;NA;NA;NA;NA;NA;NA;NA;NA;NA;NA;NA;NA;NA;NA;NA;NA;NA;NA;2,48;NA;NA;NA;NA;NA;NA;NA;NA;NA;NA;NA;NA;NA;NA;NA;NA;NA;NA;NA;NA;NA;NA;NA;NA;NA
"18";"1688";NA;NA;NA;NA;NA;NA;NA;NA;NA;NA;NA;NA;NA;NA;NA;NA;NA;NA;NA;NA;NA;NA;NA;NA;NA;NA;NA;NA;NA;NA;NA;NA;NA;NA;NA;NA;NA;NA;NA;NA;NA;NA;NA;NA;NA;NA;NA;NA;NA;2,24;NA;NA;NA;NA;NA;NA;NA;NA;NA;NA;NA;NA;NA;NA;NA;NA;NA;NA;NA;NA;NA;NA;NA;NA;NA
"19";"1689";NA;NA;NA;NA;NA;NA;NA;NA;NA;NA;NA;NA;NA;NA;NA;NA;NA;NA;NA;NA;NA;NA;NA;NA;NA;NA;NA;NA;NA;NA;NA;NA;NA;NA;NA;NA;NA;NA;NA;NA;NA;NA;NA;NA;NA;NA;NA;NA;NA;1,19;NA;NA;NA;NA;NA;NA;NA;NA;NA;NA;NA;NA;NA;NA;NA;NA;NA;NA;NA;NA;NA;NA;NA;NA;NA
"20";"1690";NA;NA;NA;NA;NA;NA;NA;NA;NA;NA;NA;NA;NA;NA;NA;NA;NA;NA;NA;NA;NA;NA;NA;NA;NA;NA;NA;NA;NA;NA;NA;NA;NA;NA;NA;NA;NA;NA;NA;NA;NA;NA;NA;NA;NA;NA;NA;NA;NA;1,24;NA;NA;NA;NA;NA;NA;NA;NA;NA;NA;NA;NA;NA;NA;NA;NA;NA;NA;NA;NA;NA;NA;NA;NA;NA
"21";"1691";NA;NA;NA;NA;NA;NA;NA;NA;NA;NA;NA;NA;NA;NA;NA;NA;NA;NA;NA;NA;NA;NA;NA;NA;NA;NA;NA;NA;NA;NA;NA;NA;NA;NA;NA;NA;NA;NA;NA;NA;NA;NA;NA;NA;NA;NA;NA;NA;NA;1,46;NA;NA;NA;NA;NA;NA;NA;NA;NA;NA;NA;NA;NA;NA;NA;NA;NA;NA;NA;NA;NA;NA;NA;NA;NA
"22";"1692";NA;NA;NA;NA;NA;NA;NA;NA;NA;NA;NA;NA;NA;NA;NA;NA;NA;NA;NA;NA;NA;NA;NA;NA;NA;NA;NA;NA;NA;NA;NA;NA;NA;NA;NA;NA;NA;NA;NA;NA;NA;NA;NA;NA;NA;NA;NA;NA;NA;1,63;NA;NA;NA;NA;NA;NA;NA;NA;NA;NA;NA;NA;NA;NA;NA;NA;NA;NA;NA;NA;NA;NA;NA;NA;NA
"23";"1693";NA;NA;NA;NA;NA;NA;NA;NA;NA;NA;NA;NA;NA;NA;NA;NA;NA;NA;NA;NA;NA;NA;NA;NA;NA;NA;NA;NA;NA;NA;NA;NA;NA;NA;NA;NA;NA;NA;NA;NA;NA;NA;NA;NA;NA;NA;NA;NA;NA;1,49;NA;NA;NA;NA;NA;NA;NA;NA;NA;NA;NA;NA;NA;NA;NA;NA;NA;NA;NA;NA;NA;NA;NA;NA;NA
"24";"1694";NA;NA;NA;NA;NA;NA;NA;NA;NA;NA;NA;NA;NA;NA;NA;NA;NA;NA;NA;NA;NA;NA;NA;NA;NA;NA;NA;NA;NA;NA;NA;NA;NA;NA;NA;NA;NA;NA;NA;NA;NA;NA;NA;NA;NA;NA;NA;NA;NA;1,19;NA;NA;NA;NA;NA;NA;NA;NA;NA;NA;NA;NA;NA;NA;NA;NA;NA;NA;NA;NA;NA;NA;NA;NA;NA
"25";"1695";NA;NA;NA;NA;NA;NA;NA;NA;NA;NA;NA;NA;NA;NA;NA;NA;NA;NA;NA;NA;NA;NA;NA;NA;NA;NA;NA;NA;NA;NA;NA;NA;NA;NA;NA;NA;NA;NA;NA;NA;NA;NA;NA;NA;NA;NA;NA;NA;NA;1,37;NA;NA;NA;NA;NA;NA;NA;NA;NA;NA;NA;NA;NA;NA;NA;NA;NA;NA;NA;NA;NA;NA;NA;NA;NA
"26";"1696";NA;NA;NA;NA;NA;NA;NA;NA;NA;NA;NA;NA;NA;NA;NA;NA;NA;NA;NA;NA;NA;NA;NA;NA;NA;NA;NA;NA;NA;NA;NA;NA;NA;NA;NA;NA;NA;NA;NA;NA;NA;NA;NA;NA;NA;NA;NA;NA;NA;1,37;NA;NA;NA;NA;NA;NA;NA;NA;NA;NA;NA;NA;NA;NA;NA;NA;NA;NA;NA;NA;NA;NA;NA;NA;NA
"27";"1697";NA;NA;NA;NA;NA;NA;NA;NA;NA;NA;NA;NA;NA;NA;NA;NA;NA;NA;NA;NA;NA;NA;NA;NA;NA;NA;NA;NA;NA;NA;NA;NA;NA;NA;NA;NA;NA;NA;NA;NA;NA;NA;NA;NA;NA;NA;NA;NA;NA;1,88;NA;NA;NA;NA;NA;NA;NA;NA;NA;NA;NA;NA;NA;NA;NA;NA;NA;NA;NA;NA;NA;NA;NA;NA;NA
"28";"1698";NA;NA;NA;NA;NA;NA;NA;NA;NA;NA;NA;NA;NA;NA;NA;NA;NA;NA;NA;NA;NA;NA;NA;NA;NA;NA;NA;NA;NA;NA;NA;NA;NA;NA;NA;NA;NA;NA;NA;NA;NA;NA;NA;NA;NA;NA;NA;NA;NA;1,23;NA;NA;NA;NA;NA;NA;NA;NA;NA;NA;NA;NA;NA;NA;NA;NA;NA;NA;NA;NA;NA;NA;NA;NA;NA
"29";"1699";NA;NA;NA;NA;NA;NA;NA;NA;NA;NA;NA;NA;NA;NA;NA;NA;NA;NA;NA;NA;NA;NA;NA;NA;NA;NA;NA;NA;NA;NA;NA;NA;NA;NA;NA;NA;NA;NA;NA;NA;NA;NA;NA;NA;NA;NA;NA;NA;NA;0,92;NA;NA;NA;NA;NA;NA;NA;NA;NA;NA;NA;NA;NA;NA;NA;NA;NA;NA;NA;NA;NA;NA;NA;NA;NA
"30";"1700";NA;NA;NA;NA;NA;NA;NA;NA;NA;NA;NA;NA;NA;NA;NA;NA;NA;NA;NA;NA;NA;NA;NA;NA;NA;NA;NA;NA;NA;NA;NA;NA;NA;NA;NA;NA;NA;NA;NA;NA;NA;NA;NA;NA;NA;NA;NA;NA;NA;0,65;NA;NA;NA;NA;NA;NA;NA;NA;NA;NA;NA;NA;NA;NA;NA;NA;NA;NA;NA;NA;NA;NA;NA;NA;NA
"31";"1701";NA;NA;NA;NA;NA;NA;NA;NA;NA;NA;NA;NA;NA;NA;NA;NA;NA;NA;NA;NA;NA;NA;NA;NA;NA;NA;NA;NA;NA;NA;NA;NA;NA;NA;NA;NA;NA;NA;NA;NA;NA;NA;NA;NA;NA;NA;NA;NA;NA;0,52;NA;NA;NA;NA;NA;NA;NA;NA;NA;NA;NA;NA;NA;NA;NA;NA;NA;NA;NA;NA;NA;NA;NA;NA;NA
"32";"1702";NA;NA;NA;NA;NA;NA;NA;NA;NA;NA;NA;NA;NA;NA;NA;NA;NA;NA;NA;NA;NA;NA;NA;NA;NA;NA;NA;NA;NA;NA;NA;NA;NA;NA;NA;NA;NA;NA;NA;NA;NA;NA;NA;NA;NA;NA;NA;NA;NA;0,57;NA;NA;NA;NA;NA;NA;NA;NA;NA;NA;NA;NA;NA;NA;NA;NA;NA;NA;NA;NA;NA;NA;NA;NA;NA
"33";"1703";NA;NA;NA;NA;NA;NA;NA;NA;NA;NA;NA;NA;NA;NA;NA;NA;NA;NA;NA;NA;NA;NA;NA;NA;NA;NA;NA;NA;NA;NA;NA;NA;NA;NA;NA;NA;NA;NA;NA;NA;NA;NA;NA;NA;NA;NA;NA;NA;NA;0,97;NA;NA;NA;NA;NA;NA;NA;NA;NA;NA;NA;NA;NA;NA;NA;NA;NA;NA;NA;NA;NA;NA;NA;NA;NA
"34";"1704";NA;NA;NA;NA;NA;NA;NA;NA;NA;NA;NA;NA;NA;NA;NA;NA;NA;NA;NA;NA;NA;NA;NA;NA;NA;NA;NA;NA;NA;NA;NA;NA;NA;NA;NA;NA;NA;NA;NA;NA;NA;NA;NA;NA;NA;NA;NA;NA;NA;0,9;NA;NA;NA;NA;NA;NA;NA;NA;NA;NA;NA;NA;NA;NA;NA;NA;NA;NA;NA;NA;NA;NA;NA;NA;NA
"35";"1705";NA;NA;NA;NA;NA;NA;NA;NA;NA;NA;NA;NA;NA;NA;NA;NA;NA;NA;NA;NA;NA;NA;NA;NA;NA;NA;NA;NA;NA;NA;NA;NA;NA;NA;NA;NA;NA;NA;NA;NA;NA;NA;NA;NA;NA;NA;NA;NA;NA;0,17;NA;2,56;NA;NA;NA;NA;NA;NA;NA;NA;NA;NA;NA;NA;NA;NA;NA;NA;NA;NA;NA;NA;NA;NA;NA
"36";"1706";NA;NA;NA;NA;NA;NA;NA;NA;NA;NA;1,69;NA;NA;NA;NA;NA;NA;NA;NA;NA;NA;NA;NA;NA;NA;NA;NA;NA;NA;NA;NA;NA;NA;NA;NA;NA;NA;NA;NA;NA;NA;NA;NA;NA;NA;NA;NA;NA;NA;0,22;NA;2,6;NA;NA;NA;NA;NA;NA;NA;NA;NA;NA;NA;NA;NA;NA;NA;NA;NA;NA;NA;NA;NA;NA;NA
"37";"1707";NA;NA;NA;NA;NA;NA;NA;NA;NA;NA;2,05;NA;NA;NA;NA;NA;NA;NA;NA;NA;NA;NA;NA;NA;NA;NA;NA;NA;NA;NA;NA;NA;NA;NA;NA;NA;NA;NA;NA;NA;NA;NA;NA;NA;NA;NA;NA;NA;NA;0,56;NA;1,85;NA;NA;NA;NA;NA;NA;NA;NA;NA;NA;NA;NA;NA;NA;NA;NA;NA;NA;NA;NA;NA;NA;NA
"38";"1708";NA;NA;NA;NA;NA;NA;NA;NA;NA;NA;1,95;NA;NA;NA;NA;NA;NA;NA;NA;NA;NA;NA;NA;NA;NA;NA;NA;NA;NA;NA;NA;NA;NA;NA;NA;NA;NA;NA;NA;NA;NA;NA;NA;NA;NA;NA;NA;NA;NA;0,8;NA;2,15;NA;NA;NA;NA;NA;NA;NA;NA;NA;NA;NA;NA;NA;NA;NA;NA;NA;NA;NA;NA;NA;NA;NA
"39";"1709";NA;NA;NA;NA;NA;NA;NA;NA;NA;NA;2,3;NA;NA;NA;NA;NA;NA;NA;NA;NA;NA;NA;NA;NA;NA;NA;NA;NA;NA;NA;NA;NA;NA;NA;NA;NA;NA;NA;NA;NA;NA;NA;NA;NA;NA;NA;NA;NA;NA;0,8;NA;2,23;NA;NA;NA;NA;NA;NA;NA;NA;NA;NA;NA;NA;NA;NA;NA;NA;NA;NA;NA;NA;NA;NA;NA
"40";"1710";NA;NA;NA;NA;NA;NA;NA;NA;NA;NA;1,79;NA;NA;NA;NA;NA;NA;NA;NA;NA;NA;NA;NA;NA;NA;NA;NA;NA;NA;NA;NA;NA;NA;NA;NA;NA;NA;NA;NA;NA;NA;NA;NA;NA;NA;NA;NA;NA;NA;0,7;NA;2,44;NA;NA;NA;NA;NA;NA;NA;NA;NA;NA;NA;NA;NA;NA;NA;NA;NA;NA;NA;NA;NA;NA;NA
"41";"1711";NA;NA;NA;NA;NA;NA;NA;NA;NA;NA;1,13;NA;NA;NA;NA;NA;NA;NA;NA;NA;NA;NA;NA;NA;NA;NA;NA;NA;NA;NA;NA;NA;NA;NA;NA;NA;NA;NA;NA;NA;NA;NA;NA;NA;NA;NA;NA;NA;NA;0,76;NA;2,92;NA;NA;NA;NA;NA;NA;NA;NA;NA;NA;NA;NA;NA;NA;NA;NA;NA;NA;NA;NA;NA;NA;NA
"42";"1712";NA;NA;NA;NA;NA;NA;NA;NA;NA;NA;1,64;NA;NA;NA;NA;NA;NA;NA;NA;NA;NA;NA;NA;NA;NA;NA;NA;NA;NA;NA;NA;NA;NA;NA;NA;NA;NA;NA;NA;NA;NA;NA;NA;NA;NA;NA;NA;NA;NA;0,8;NA;2,33;NA;NA;NA;NA;NA;NA;NA;NA;NA;NA;NA;NA;NA;NA;NA;NA;NA;NA;NA;NA;NA;NA;NA
"43";"1713";NA;NA;NA;NA;NA;NA;NA;NA;NA;NA;1,72;NA;NA;NA;NA;NA;NA;NA;NA;NA;NA;NA;NA;NA;NA;NA;NA;NA;NA;NA;NA;NA;NA;NA;NA;NA;NA;NA;NA;NA;NA;NA;NA;NA;NA;NA;NA;NA;NA;0,59;NA;1,82;NA;NA;NA;NA;NA;NA;NA;NA;NA;NA;NA;NA;NA;NA;NA;NA;NA;NA;NA;NA;NA;NA;NA
"44";"1714";NA;NA;NA;NA;NA;NA;NA;NA;NA;NA;1,53;NA;NA;NA;NA;NA;NA;NA;NA;NA;NA;NA;NA;NA;NA;NA;NA;NA;NA;NA;NA;NA;NA;NA;NA;NA;NA;NA;NA;NA;NA;NA;NA;NA;NA;NA;NA;NA;NA;0,5;NA;0,9;NA;NA;NA;NA;NA;NA;NA;NA;NA;NA;NA;NA;NA;NA;NA;NA;NA;NA;NA;NA;NA;NA;NA
"45";"1715";NA;NA;NA;NA;NA;NA;NA;NA;NA;NA;1,7;NA;NA;NA;NA;NA;NA;NA;NA;NA;NA;NA;NA;NA;NA;NA;NA;NA;NA;NA;NA;NA;NA;NA;NA;NA;NA;NA;NA;NA;NA;NA;NA;NA;NA;NA;NA;NA;NA;0,37;NA;1,5;NA;NA;NA;NA;NA;NA;NA;NA;NA;NA;NA;NA;NA;NA;NA;NA;NA;NA;NA;NA;NA;NA;NA
"46";"1716";NA;NA;NA;NA;NA;NA;3,02;NA;NA;NA;1,6;NA;NA;NA;NA;NA;NA;NA;NA;NA;NA;NA;NA;NA;NA;NA;NA;NA;NA;NA;NA;NA;NA;NA;NA;NA;NA;NA;NA;NA;NA;NA;NA;NA;NA;NA;NA;NA;NA;0,28;NA;1,13;NA;NA;NA;NA;NA;NA;NA;NA;NA;NA;NA;NA;NA;NA;NA;NA;NA;NA;NA;NA;NA;NA;NA
"47";"1717";NA;NA;NA;NA;NA;NA;2,64;NA;NA;2,78;1,44;NA;NA;NA;NA;NA;NA;NA;NA;NA;NA;NA;NA;NA;NA;NA;NA;NA;NA;NA;NA;NA;NA;NA;NA;NA;NA;NA;NA;NA;NA;NA;NA;NA;NA;NA;NA;NA;NA;0,18;NA;0,68;NA;NA;NA;NA;NA;NA;NA;NA;NA;NA;NA;NA;NA;NA;NA;NA;NA;NA;NA;NA;NA;NA;NA
"48";"1718";NA;NA;NA;NA;NA;NA;2,96;NA;NA;2,35;1,58;NA;NA;NA;NA;NA;NA;NA;NA;NA;NA;NA;NA;NA;NA;NA;NA;NA;NA;NA;NA;NA;NA;NA;NA;NA;NA;NA;NA;NA;NA;NA;NA;NA;NA;NA;NA;NA;NA;0,16;NA;1,03;NA;NA;NA;NA;NA;NA;NA;NA;NA;NA;NA;NA;NA;NA;NA;NA;NA;NA;NA;NA;NA;NA;NA
"49";"1719";NA;NA;NA;NA;NA;NA;3,54;NA;NA;2,4;1,85;NA;NA;NA;NA;NA;NA;NA;NA;NA;NA;NA;NA;NA;NA;NA;NA;NA;NA;NA;NA;NA;NA;NA;NA;NA;NA;NA;NA;NA;NA;NA;NA;NA;NA;NA;NA;NA;NA;0,25;NA;1,13;NA;NA;NA;NA;NA;NA;NA;NA;NA;NA;NA;NA;NA;NA;NA;NA;NA;NA;NA;NA;NA;NA;NA
"50";"1720";NA;NA;NA;NA;NA;NA;2,13;NA;NA;3,22;1,77;NA;NA;NA;NA;NA;NA;NA;NA;NA;NA;NA;NA;NA;NA;NA;NA;NA;NA;NA;NA;NA;NA;NA;NA;NA;NA;NA;NA;NA;NA;NA;NA;NA;NA;NA;NA;NA;NA;0,5;NA;1,14;NA;NA;NA;NA;NA;NA;NA;NA;NA;NA;NA;NA;NA;NA;NA;NA;NA;NA;NA;NA;NA;NA;NA
"51";"1721";NA;NA;NA;NA;NA;NA;2,1;NA;NA;2,24;2,14;NA;NA;NA;NA;NA;NA;NA;NA;NA;NA;NA;NA;NA;NA;NA;NA;NA;NA;NA;NA;NA;NA;NA;NA;NA;NA;NA;NA;NA;NA;NA;NA;NA;NA;NA;NA;NA;NA;0,6;NA;1,53;NA;NA;NA;NA;NA;NA;NA;NA;NA;NA;NA;NA;NA;NA;NA;NA;NA;NA;NA;NA;NA;NA;NA
"52";"1722";NA;NA;NA;NA;NA;NA;2,85;NA;NA;1,96;1,78;NA;NA;NA;NA;NA;NA;NA;NA;NA;NA;NA;NA;NA;NA;NA;NA;NA;NA;NA;NA;NA;NA;NA;NA;NA;NA;NA;NA;NA;NA;NA;NA;NA;NA;NA;NA;NA;NA;0,65;NA;1,34;NA;NA;NA;NA;NA;NA;NA;NA;NA;NA;NA;NA;NA;NA;NA;NA;NA;NA;NA;NA;NA;NA;NA
"53";"1723";NA;NA;NA;NA;NA;NA;2,85;NA;NA;1,35;1,46;NA;NA;NA;NA;NA;NA;NA;NA;NA;NA;NA;NA;NA;NA;NA;NA;NA;NA;NA;NA;NA;NA;NA;NA;NA;NA;NA;NA;NA;NA;NA;NA;NA;NA;NA;NA;NA;NA;0,85;NA;0,76;NA;NA;NA;NA;NA;NA;NA;NA;NA;NA;NA;NA;NA;NA;NA;NA;NA;NA;NA;NA;NA;NA;NA
"54";"1724";NA;NA;NA;NA;NA;2,88;2,81;NA;NA;1,36;1,47;NA;NA;NA;NA;NA;NA;NA;NA;NA;NA;NA;NA;NA;NA;NA;NA;NA;NA;NA;NA;NA;NA;NA;NA;NA;NA;NA;NA;NA;NA;NA;NA;NA;NA;NA;NA;NA;NA;1,02;NA;1,11;NA;NA;NA;NA;NA;NA;NA;NA;NA;NA;NA;NA;NA;NA;NA;NA;NA;NA;NA;NA;NA;NA;NA
"55";"1725";NA;NA;NA;NA;NA;2,48;2,67;NA;NA;1,13;1,49;NA;NA;NA;NA;NA;NA;NA;NA;NA;NA;NA;NA;NA;NA;NA;NA;NA;NA;NA;NA;NA;NA;NA;NA;NA;NA;NA;NA;NA;NA;NA;NA;NA;NA;NA;NA;NA;NA;0,78;NA;1,14;NA;NA;NA;NA;NA;NA;NA;NA;NA;NA;NA;NA;NA;NA;NA;NA;NA;NA;NA;NA;NA;NA;NA
"56";"1726";NA;NA;NA;NA;NA;3,17;2,05;NA;NA;1,59;1,79;NA;NA;NA;NA;NA;NA;NA;NA;NA;NA;NA;NA;NA;NA;NA;NA;NA;NA;NA;NA;NA;NA;NA;NA;NA;NA;NA;NA;NA;NA;NA;NA;NA;NA;NA;NA;NA;NA;0,86;NA;0,79;NA;NA;NA;NA;NA;NA;NA;NA;NA;NA;NA;NA;NA;NA;NA;NA;NA;NA;NA;NA;NA;NA;NA
"57";"1727";NA;NA;NA;NA;NA;4,06;2,27;NA;NA;1,94;2,13;NA;NA;NA;NA;NA;NA;NA;NA;NA;NA;NA;NA;NA;NA;NA;NA;NA;NA;NA;NA;NA;NA;NA;NA;NA;NA;NA;NA;NA;NA;NA;NA;NA;NA;NA;NA;NA;NA;0,81;NA;1,26;NA;NA;NA;NA;NA;NA;NA;NA;NA;NA;NA;NA;NA;NA;NA;NA;NA;NA;NA;NA;NA;NA;NA
"58";"1728";NA;NA;NA;NA;NA;3,88;2,03;NA;NA;1,81;2,12;NA;NA;NA;NA;NA;NA;NA;NA;NA;NA;NA;NA;NA;NA;NA;NA;NA;NA;NA;NA;NA;NA;NA;NA;NA;NA;NA;NA;NA;NA;NA;NA;NA;NA;NA;NA;NA;NA;0,6;NA;1,14;NA;NA;NA;NA;NA;NA;NA;NA;NA;NA;NA;NA;NA;NA;NA;NA;NA;NA;NA;NA;NA;NA;NA
"59";"1729";NA;NA;NA;NA;NA;3,55;1,91;NA;NA;1,73;2,31;NA;NA;NA;NA;NA;NA;NA;NA;NA;NA;NA;NA;NA;NA;NA;NA;NA;NA;NA;NA;NA;NA;NA;NA;NA;NA;NA;NA;NA;NA;NA;NA;NA;NA;NA;NA;NA;NA;0,65;NA;1,02;NA;NA;NA;NA;NA;NA;NA;NA;NA;NA;NA;NA;NA;NA;NA;NA;NA;NA;NA;NA;NA;NA;NA
"60";"1730";NA;NA;NA;NA;NA;3,14;2,34;NA;NA;1,65;1,65;NA;NA;NA;NA;NA;NA;NA;NA;NA;NA;NA;NA;NA;NA;NA;NA;NA;NA;NA;NA;NA;NA;NA;NA;NA;NA;NA;NA;NA;NA;NA;NA;NA;NA;NA;NA;NA;NA;0,82;NA;1,31;NA;NA;NA;NA;NA;NA;NA;NA;NA;NA;NA;NA;NA;NA;NA;NA;NA;NA;NA;NA;NA;NA;NA
"61";"1731";NA;NA;NA;NA;NA;2,69;2,04;NA;NA;1,35;1;NA;NA;NA;NA;NA;NA;NA;NA;NA;NA;NA;NA;NA;NA;NA;NA;NA;NA;NA;NA;NA;NA;NA;NA;NA;NA;NA;NA;NA;NA;NA;NA;NA;NA;NA;NA;NA;NA;0,43;NA;1,32;NA;NA;NA;NA;NA;NA;NA;NA;NA;NA;NA;NA;NA;NA;NA;NA;NA;NA;NA;NA;NA;NA;NA
"62";"1732";NA;NA;NA;NA;NA;2,12;1,55;NA;NA;1,31;0,84;NA;NA;NA;NA;NA;NA;NA;NA;NA;NA;NA;NA;NA;NA;NA;NA;NA;NA;NA;NA;NA;NA;NA;NA;NA;NA;NA;NA;NA;NA;NA;NA;NA;NA;NA;NA;NA;NA;0,36;NA;1,64;NA;NA;NA;NA;NA;NA;NA;NA;NA;NA;NA;NA;NA;NA;NA;NA;NA;NA;NA;NA;NA;NA;NA
"63";"1733";NA;NA;NA;NA;NA;1,86;1,22;NA;NA;1,29;1,22;NA;NA;NA;NA;NA;NA;NA;NA;NA;NA;NA;NA;NA;NA;NA;NA;NA;NA;NA;NA;NA;NA;NA;NA;NA;NA;NA;NA;NA;NA;NA;NA;NA;NA;NA;NA;NA;NA;0,68;NA;1,29;NA;NA;NA;NA;NA;NA;NA;NA;NA;NA;NA;NA;NA;NA;NA;NA;NA;NA;NA;NA;NA;NA;NA
"64";"1734";NA;NA;NA;NA;NA;2,74;1,55;NA;NA;1,35;1,82;NA;NA;NA;NA;NA;NA;NA;NA;NA;NA;NA;NA;NA;NA;NA;NA;NA;NA;NA;NA;NA;NA;NA;NA;NA;NA;NA;NA;NA;NA;NA;NA;NA;NA;NA;NA;NA;NA;1;NA;0;NA;NA;NA;NA;NA;NA;NA;NA;NA;NA;NA;NA;NA;NA;NA;NA;NA;NA;NA;NA;NA;NA;NA
"65";"1735";NA;NA;NA;NA;NA;2,91;1,8;NA;NA;1,47;1,77;NA;NA;NA;NA;NA;NA;NA;NA;NA;NA;NA;NA;NA;NA;NA;NA;NA;NA;NA;NA;NA;NA;NA;NA;NA;NA;NA;NA;NA;NA;NA;NA;NA;NA;NA;NA;NA;NA;0,81;NA;1,31;NA;NA;NA;NA;NA;NA;NA;NA;NA;NA;NA;NA;NA;NA;NA;NA;NA;NA;NA;NA;NA;NA;NA
"66";"1736";NA;NA;NA;NA;NA;2,69;2,41;NA;NA;1,27;1,68;NA;NA;NA;NA;NA;NA;NA;NA;NA;NA;NA;NA;NA;NA;NA;NA;NA;NA;NA;NA;NA;NA;NA;NA;NA;NA;NA;NA;NA;NA;NA;NA;NA;NA;NA;NA;NA;NA;1,01;NA;1,05;NA;NA;NA;NA;NA;NA;NA;NA;NA;NA;NA;NA;NA;NA;NA;NA;NA;NA;NA;NA;NA;NA;NA
"67";"1737";NA;NA;NA;NA;NA;2,53;2,35;NA;NA;1,19;1,71;NA;NA;NA;NA;NA;NA;NA;NA;NA;NA;NA;NA;NA;NA;NA;NA;NA;NA;NA;NA;NA;NA;NA;NA;NA;NA;NA;NA;NA;NA;NA;NA;NA;NA;NA;NA;NA;NA;0,94;NA;0,85;NA;NA;NA;NA;NA;NA;NA;NA;NA;NA;NA;NA;NA;NA;NA;NA;NA;NA;NA;NA;NA;NA;NA
"68";"1738";NA;NA;NA;NA;NA;2,94;1,76;NA;NA;1,49;2,08;NA;NA;NA;4,18;NA;NA;NA;NA;NA;NA;NA;NA;NA;NA;NA;NA;NA;NA;NA;NA;NA;NA;NA;NA;NA;NA;NA;NA;NA;NA;NA;NA;NA;NA;NA;NA;NA;NA;0,58;NA;1,06;NA;NA;NA;NA;NA;NA;NA;NA;NA;NA;NA;NA;NA;NA;NA;NA;NA;NA;NA;NA;NA;NA;NA
"69";"1739";NA;NA;NA;NA;NA;2,22;2,21;NA;NA;1,13;1,67;NA;NA;NA;3,2;NA;NA;NA;NA;NA;NA;NA;NA;NA;NA;NA;NA;NA;NA;NA;NA;NA;NA;NA;NA;NA;NA;NA;NA;NA;NA;NA;NA;NA;NA;NA;NA;NA;NA;0,47;1,93;0,96;NA;NA;NA;NA;NA;NA;NA;NA;NA;NA;NA;NA;NA;NA;NA;NA;NA;NA;NA;NA;NA;NA;NA
"70";"1740";NA;NA;NA;NA;NA;1,89;1,46;NA;NA;1,15;1,5;NA;NA;NA;2,72;NA;NA;NA;NA;NA;NA;NA;NA;NA;NA;NA;NA;NA;NA;NA;NA;NA;NA;NA;NA;NA;NA;NA;NA;NA;NA;NA;NA;NA;NA;NA;NA;NA;NA;0,45;1,82;0,8;NA;NA;NA;NA;NA;NA;NA;NA;NA;NA;NA;NA;NA;NA;NA;NA;NA;NA;NA;NA;NA;NA;NA
"71";"1741";NA;NA;NA;NA;NA;2,66;1,64;NA;NA;1,26;1,65;NA;NA;NA;2,66;NA;NA;NA;NA;NA;NA;NA;NA;NA;NA;NA;NA;NA;NA;NA;NA;NA;NA;NA;NA;NA;NA;NA;NA;NA;NA;NA;NA;NA;NA;NA;NA;NA;NA;0,25;1,93;1,17;NA;NA;NA;NA;NA;NA;NA;NA;NA;NA;NA;NA;NA;NA;NA;NA;NA;NA;NA;NA;NA;NA;NA
"72";"1742";NA;NA;NA;NA;NA;3,02;1,7;NA;NA;1,2;1,57;NA;NA;NA;3,12;NA;NA;NA;NA;NA;NA;NA;NA;NA;NA;NA;NA;NA;NA;NA;NA;NA;NA;NA;NA;NA;NA;NA;NA;NA;NA;NA;NA;NA;NA;NA;NA;2,23;NA;0,15;1,85;1,1;NA;NA;NA;NA;NA;NA;NA;NA;NA;NA;NA;NA;NA;NA;NA;NA;NA;NA;NA;NA;NA;NA;NA
"73";"1743";NA;NA;NA;NA;NA;2,54;1,42;NA;NA;1,45;1,9;NA;NA;NA;3,17;NA;NA;NA;NA;NA;NA;NA;NA;NA;NA;NA;NA;NA;NA;NA;NA;NA;NA;NA;NA;NA;NA;NA;NA;NA;NA;NA;NA;NA;NA;NA;NA;2,69;NA;0,31;2,56;0,96;NA;NA;NA;NA;NA;NA;NA;NA;NA;NA;NA;NA;NA;NA;NA;NA;NA;NA;NA;NA;NA;NA;NA
"74";"1744";NA;3,15;NA;NA;NA;2,55;1,53;NA;NA;1,46;1,94;NA;NA;NA;3,83;NA;NA;NA;NA;NA;NA;NA;NA;NA;NA;NA;NA;NA;NA;NA;NA;NA;NA;NA;NA;NA;NA;NA;NA;NA;NA;NA;NA;NA;NA;NA;NA;2,87;NA;0,17;2,53;1,41;NA;NA;NA;NA;NA;NA;NA;NA;NA;NA;NA;NA;NA;NA;NA;NA;NA;NA;NA;NA;NA;NA;NA
"75";"1745";NA;2,49;NA;NA;NA;2,65;1,43;NA;NA;1,43;1,97;NA;NA;NA;3,16;NA;NA;NA;NA;NA;NA;NA;NA;NA;NA;NA;NA;NA;NA;NA;NA;NA;NA;NA;NA;NA;NA;NA;NA;NA;NA;NA;NA;NA;NA;NA;NA;2,77;NA;0,22;2,11;1,36;NA;NA;NA;NA;NA;NA;NA;NA;NA;NA;NA;NA;NA;NA;NA;NA;NA;NA;NA;NA;NA;NA;NA
"76";"1746";NA;2,65;NA;NA;NA;2,28;1,11;NA;NA;0,97;1,85;NA;NA;NA;3,17;NA;NA;NA;NA;NA;NA;NA;NA;NA;NA;NA;NA;NA;NA;NA;NA;NA;NA;NA;NA;NA;NA;NA;NA;NA;NA;NA;NA;NA;NA;NA;NA;1,91;NA;0,25;1,29;1,15;NA;NA;NA;NA;NA;NA;NA;NA;NA;NA;NA;NA;NA;NA;NA;NA;NA;NA;NA;NA;NA;NA;NA
"77";"1747";NA;3,03;NA;NA;NA;2,6;0,84;NA;NA;1,44;1,43;NA;NA;NA;3,81;NA;NA;NA;NA;NA;NA;NA;NA;NA;NA;NA;NA;NA;NA;NA;NA;NA;NA;NA;NA;NA;NA;NA;NA;NA;NA;NA;NA;NA;NA;NA;NA;1,69;NA;0,42;1,2;1,28;NA;NA;NA;NA;NA;NA;NA;NA;NA;NA;NA;NA;NA;NA;NA;NA;NA;NA;NA;NA;NA;NA;NA
"78";"1748";NA;3,19;NA;NA;NA;2;1,3;NA;NA;1,45;1,51;NA;NA;NA;3,91;NA;NA;NA;NA;NA;NA;NA;NA;NA;NA;NA;NA;NA;NA;NA;NA;NA;NA;NA;NA;NA;NA;NA;NA;NA;NA;NA;NA;NA;NA;NA;NA;1,21;NA;0,47;1,39;1,08;NA;NA;NA;NA;NA;NA;NA;NA;NA;NA;NA;NA;NA;NA;NA;NA;NA;NA;NA;NA;NA;NA;NA
"79";"1749";NA;2,72;NA;NA;NA;1,8;1,57;NA;NA;1,3;1,39;NA;NA;NA;2,72;NA;NA;NA;NA;NA;NA;NA;NA;NA;NA;NA;NA;NA;NA;NA;NA;NA;NA;NA;NA;NA;NA;NA;NA;NA;NA;NA;NA;NA;NA;NA;NA;0,85;NA;0,32;1,39;0,78;NA;NA;NA;NA;NA;NA;NA;NA;NA;NA;NA;NA;NA;NA;NA;NA;NA;NA;NA;NA;NA;NA;NA
"80";"1750";NA;2,76;NA;NA;NA;2,21;1,94;2,02;NA;1,5;1,85;NA;NA;NA;3,72;NA;NA;NA;NA;NA;NA;NA;NA;NA;NA;NA;NA;NA;NA;NA;NA;NA;NA;NA;NA;NA;NA;NA;NA;NA;NA;NA;NA;NA;NA;NA;NA;1,35;NA;0,18;2,1;0,78;NA;NA;NA;NA;NA;NA;NA;NA;NA;NA;NA;NA;NA;NA;NA;NA;NA;NA;NA;NA;NA;NA;NA
"81";"1751";NA;2,21;NA;NA;NA;1,9;1,71;2,14;NA;1,17;1,5;NA;NA;NA;3,34;NA;NA;NA;NA;NA;NA;NA;NA;NA;NA;NA;NA;NA;NA;NA;NA;NA;NA;NA;NA;NA;NA;NA;NA;NA;NA;NA;NA;NA;NA;NA;NA;1,47;NA;0,43;1,34;0,77;NA;NA;NA;NA;NA;NA;NA;NA;NA;NA;NA;NA;NA;NA;NA;NA;NA;NA;NA;NA;NA;NA;NA
"82";"1752";NA;2,82;NA;NA;NA;2,03;1,57;2,67;NA;1,36;1,52;NA;NA;NA;3,87;NA;NA;NA;NA;NA;NA;NA;NA;NA;NA;NA;NA;NA;NA;NA;NA;NA;NA;NA;NA;NA;NA;NA;NA;NA;NA;NA;NA;NA;NA;NA;NA;1,63;NA;0,38;1,43;0,85;NA;NA;NA;NA;NA;NA;NA;NA;NA;NA;NA;NA;NA;NA;NA;NA;NA;NA;NA;NA;NA;NA;NA
"83";"1753";NA;2,86;NA;NA;NA;1,95;1,39;2,49;NA;1,03;1,5;NA;NA;NA;3,73;NA;NA;NA;NA;NA;NA;NA;NA;NA;NA;NA;NA;NA;NA;NA;NA;NA;NA;NA;NA;NA;NA;NA;NA;NA;NA;NA;NA;NA;NA;NA;NA;1,17;NA;0,51;1,32;0,75;NA;NA;NA;NA;NA;NA;NA;NA;NA;NA;NA;NA;NA;NA;NA;NA;NA;NA;NA;NA;NA;NA;NA
"84";"1754";3,59;2,81;4,49;NA;2,44;1,59;1,16;2,22;NA;0,92;1,78;NA;NA;NA;3,08;NA;NA;NA;NA;NA;NA;NA;NA;NA;NA;NA;NA;NA;NA;NA;NA;NA;NA;NA;NA;NA;NA;NA;NA;NA;NA;NA;NA;NA;NA;NA;NA;0,97;NA;0,52;0,81;0,71;NA;NA;NA;NA;NA;NA;NA;NA;NA;NA;NA;NA;NA;NA;NA;NA;NA;NA;NA;NA;NA;NA;NA
"85";"1755";3,5;2,74;3,1;NA;2,78;1,48;1,3;1,95;NA;1,23;1,85;NA;NA;NA;2,8;NA;NA;NA;NA;NA;NA;NA;NA;NA;NA;NA;NA;NA;NA;NA;NA;NA;NA;NA;NA;NA;NA;NA;NA;NA;NA;NA;NA;NA;NA;NA;NA;1,36;NA;0,17;0,88;0,69;NA;NA;NA;NA;NA;NA;NA;NA;NA;NA;NA;NA;NA;NA;NA;NA;NA;NA;NA;NA;NA;NA;NA
"86";"1756";3,43;2,08;2,33;NA;2,1;1,97;0,99;2,33;NA;1,12;1,61;NA;NA;NA;2,3;NA;NA;NA;NA;NA;NA;NA;NA;NA;NA;NA;NA;NA;NA;NA;NA;NA;NA;NA;NA;NA;NA;NA;NA;NA;NA;NA;NA;NA;NA;NA;NA;1,09;NA;0,2;1,03;0,68;NA;NA;NA;NA;NA;NA;NA;NA;NA;NA;NA;NA;NA;NA;NA;NA;NA;NA;NA;NA;NA;NA;NA
"87";"1757";3,77;1,77;2,12;NA;1,81;1,71;1,42;1,61;NA;0,87;1,09;NA;NA;NA;2,41;NA;NA;NA;NA;NA;NA;NA;NA;NA;NA;NA;NA;NA;NA;NA;NA;NA;NA;NA;NA;NA;NA;NA;NA;NA;NA;NA;NA;NA;NA;NA;NA;1,28;NA;0,16;1,24;0,69;NA;NA;NA;NA;NA;NA;NA;NA;NA;NA;NA;NA;NA;NA;NA;NA;NA;NA;NA;NA;NA;NA;NA
"88";"1758";2,52;1,69;1,62;NA;1,49;1,18;1,22;1,76;NA;0,86;1,12;NA;NA;NA;1,79;NA;NA;NA;NA;NA;NA;NA;NA;NA;NA;NA;NA;NA;NA;NA;NA;NA;NA;NA;NA;NA;NA;NA;NA;NA;NA;NA;NA;NA;NA;NA;NA;0,72;NA;0,16;1,06;0,5;NA;NA;NA;NA;NA;NA;NA;NA;NA;NA;NA;NA;NA;NA;NA;NA;NA;NA;NA;NA;NA;NA;NA
"89";"1759";2,98;2,04;2,01;NA;1,62;1,58;0,65;2,41;NA;1,29;1,46;NA;NA;NA;2,52;NA;NA;NA;NA;NA;NA;NA;NA;NA;NA;NA;NA;NA;NA;NA;NA;NA;NA;NA;NA;NA;NA;NA;NA;NA;NA;NA;NA;NA;NA;NA;NA;1,21;NA;0,14;1,84;0,87;NA;NA;NA;NA;NA;NA;NA;NA;NA;NA;NA;NA;NA;NA;NA;NA;NA;NA;NA;NA;NA;NA;NA
"90";"1760";3,38;1,7;2,22;NA;1,71;1,25;0,7;1,8;NA;1,03;1,32;NA;NA;NA;2,1;NA;NA;NA;NA;NA;NA;NA;NA;NA;NA;NA;NA;NA;NA;NA;NA;NA;NA;NA;NA;NA;NA;NA;NA;NA;NA;NA;NA;NA;NA;NA;NA;1,16;NA;0,18;1,8;0,93;NA;NA;NA;NA;NA;NA;NA;NA;NA;NA;NA;NA;NA;NA;NA;NA;NA;NA;NA;NA;NA;NA;NA
"91";"1761";2,95;2,06;2,53;NA;2;1,22;1,19;1,47;NA;1,22;1,53;NA;NA;NA;3,2;NA;NA;NA;NA;NA;NA;NA;NA;NA;NA;NA;NA;NA;NA;NA;NA;NA;NA;NA;NA;NA;NA;NA;NA;NA;NA;NA;NA;NA;NA;NA;NA;0,87;NA;0,2;2,31;0,88;NA;NA;NA;NA;NA;NA;NA;NA;NA;NA;NA;NA;NA;NA;NA;NA;NA;NA;NA;NA;NA;NA;NA
"92";"1762";2,7;1,79;2,04;NA;1,93;1,18;1,2;1,29;NA;0,83;1,35;NA;NA;NA;2,66;NA;NA;NA;NA;NA;NA;NA;NA;NA;NA;NA;NA;NA;NA;NA;NA;NA;NA;NA;NA;NA;NA;NA;NA;NA;NA;NA;NA;NA;NA;NA;NA;0,79;NA;0,35;1,76;0,96;NA;NA;NA;NA;NA;NA;NA;NA;NA;NA;NA;NA;NA;NA;NA;NA;NA;NA;NA;NA;NA;NA;NA
"93";"1763";2,85;1,75;2,22;2,45;2,43;1,19;1,4;1,67;NA;0,92;1,73;NA;NA;NA;2,69;NA;NA;NA;NA;NA;NA;NA;NA;NA;NA;NA;NA;NA;NA;NA;NA;NA;NA;NA;NA;NA;NA;NA;NA;NA;NA;NA;NA;NA;NA;NA;NA;0,96;NA;0,34;1,69;0,82;NA;NA;NA;NA;NA;NA;NA;NA;NA;NA;NA;NA;NA;NA;NA;NA;NA;NA;NA;NA;NA;NA;NA
"94";"1764";3,35;1,62;1,96;3,2;2,44;1,3;1,35;1,62;NA;0,87;1,53;NA;NA;NA;2,57;NA;NA;NA;NA;NA;NA;NA;NA;NA;NA;NA;NA;NA;NA;NA;NA;NA;NA;NA;NA;NA;NA;NA;NA;NA;NA;NA;NA;NA;NA;NA;NA;0,81;NA;0,34;1,37;0,66;NA;NA;NA;NA;NA;NA;NA;NA;NA;NA;NA;NA;NA;NA;NA;NA;NA;NA;NA;NA;NA;NA;NA
"95";"1765";3,85;1,7;1,84;2,73;2,45;1,35;1,9;1,19;NA;0,87;1,57;NA;NA;NA;2,68;NA;NA;NA;NA;NA;NA;4,27;NA;NA;NA;NA;NA;NA;NA;NA;NA;NA;NA;NA;NA;NA;NA;NA;NA;NA;NA;NA;NA;NA;NA;NA;NA;0,95;NA;0,42;1,37;0,94;NA;NA;NA;NA;NA;NA;NA;NA;NA;NA;NA;NA;NA;NA;NA;NA;NA;NA;NA;NA;NA;NA;NA
"96";"1766";5,37;2,11;2,37;3,53;2,69;2,07;1,7;1,61;NA;1,47;2,17;NA;NA;NA;3,89;NA;NA;NA;NA;NA;NA;4,1;NA;NA;NA;NA;NA;NA;NA;NA;NA;NA;NA;NA;NA;NA;NA;NA;NA;NA;NA;NA;NA;NA;NA;NA;NA;0,99;NA;0,36;1,24;0,87;NA;NA;NA;NA;NA;NA;NA;NA;NA;NA;NA;NA;NA;NA;NA;NA;NA;NA;NA;NA;NA;NA;NA
"97";"1767";4,05;2,08;2,85;3,38;1,97;2,06;2,29;1,56;NA;1,19;1,95;NA;NA;NA;3,61;NA;NA;NA;NA;NA;NA;3,79;NA;NA;NA;NA;NA;NA;NA;NA;NA;NA;NA;NA;NA;NA;NA;NA;NA;NA;NA;NA;NA;NA;NA;NA;NA;1,15;NA;0,57;1,59;1,17;NA;NA;NA;NA;NA;NA;NA;NA;NA;NA;NA;NA;NA;NA;NA;NA;NA;NA;NA;NA;NA;NA;NA
"98";"1768";5,15;1,82;2,76;3,75;2,25;1,87;2,18;1,91;NA;1,37;1,95;NA;NA;NA;3,52;NA;NA;NA;NA;NA;NA;5,05;NA;NA;NA;NA;NA;NA;NA;NA;NA;NA;NA;NA;NA;NA;NA;NA;NA;NA;NA;NA;NA;NA;NA;NA;NA;0,82;NA;0,55;2;1,32;NA;NA;NA;NA;NA;NA;NA;NA;NA;NA;NA;NA;NA;NA;NA;NA;NA;NA;NA;NA;NA;NA;NA
"99";"1769";4,02;1,83;2,88;2,85;1,89;1,65;1,75;1,88;NA;1,44;1,75;NA;NA;NA;3,3;NA;NA;NA;NA;NA;NA;3,39;NA;NA;NA;NA;NA;NA;NA;NA;NA;NA;NA;NA;NA;NA;NA;NA;NA;NA;NA;NA;NA;NA;NA;NA;NA;0,17;NA;0,54;1,44;1,28;NA;NA;NA;NA;NA;NA;NA;NA;NA;NA;NA;NA;NA;NA;NA;NA;NA;NA;NA;NA;NA;NA;NA
"100";"1770";2,26;1,52;1,93;1,68;1,11;1,67;1,41;1,58;NA;0,69;1,46;NA;NA;NA;1,91;NA;NA;NA;NA;NA;NA;4,25;NA;NA;NA;NA;NA;NA;NA;NA;NA;NA;NA;NA;NA;NA;NA;NA;NA;NA;NA;NA;NA;NA;NA;NA;NA;0,88;NA;0,24;1,13;0,65;NA;NA;NA;NA;NA;NA;NA;NA;NA;NA;NA;NA;NA;NA;NA;NA;NA;NA;NA;NA;NA;NA;NA
"101";"1771";2,16;1,61;1,1;1,1;0,79;1,27;1,29;1,22;NA;0,61;1,08;NA;NA;NA;1,44;NA;NA;NA;NA;NA;NA;3,34;NA;NA;1,93;NA;NA;NA;NA;NA;NA;NA;NA;NA;NA;NA;NA;NA;NA;NA;NA;NA;NA;NA;NA;NA;NA;0,62;NA;0,27;0,9;0,59;NA;NA;NA;NA;NA;NA;NA;NA;NA;NA;NA;NA;NA;NA;NA;NA;NA;NA;NA;NA;NA;NA;NA
"102";"1772";2,41;2,28;1,34;1,66;1,12;1,52;1,41;1,2;NA;0,88;1,24;NA;NA;NA;1,88;NA;NA;NA;NA;NA;NA;2,74;NA;NA;2,62;NA;NA;NA;NA;NA;NA;NA;NA;NA;NA;NA;NA;NA;NA;NA;NA;NA;NA;NA;NA;NA;NA;0,84;NA;0,41;1,32;0,83;NA;NA;NA;NA;NA;NA;NA;NA;NA;NA;NA;NA;NA;NA;NA;NA;NA;NA;NA;NA;NA;NA;NA
"103";"1773";3,23;1,7;1,26;1,39;1,18;1,44;1,27;1,56;NA;0,8;1,48;NA;NA;NA;1,91;NA;NA;NA;NA;NA;NA;3,01;NA;NA;2,85;NA;NA;NA;NA;NA;NA;NA;NA;NA;NA;NA;NA;NA;NA;NA;NA;NA;NA;NA;NA;NA;NA;0,95;NA;0,33;1,55;0,85;NA;NA;NA;NA;NA;NA;NA;NA;NA;NA;NA;NA;NA;NA;NA;NA;NA;1,59;NA;NA;NA;2,8;NA
"104";"1774";3,15;1,48;1,33;1,13;1,02;1,12;1,2;1,65;NA;0,6;1,21;NA;NA;NA;1,87;NA;NA;NA;NA;NA;NA;2,74;NA;NA;3,86;NA;NA;NA;NA;NA;NA;NA;NA;NA;NA;NA;NA;NA;NA;NA;NA;NA;NA;NA;NA;NA;NA;0,87;NA;0,28;1,47;0,62;NA;NA;NA;NA;NA;NA;NA;NA;NA;NA;NA;NA;NA;NA;NA;NA;NA;1,54;NA;NA;NA;3,55;NA
"105";"1775";3,69;1,41;1,61;1,36;1,57;1,35;0,87;2,23;NA;0,66;1,5;2,99;NA;NA;2,11;NA;NA;NA;NA;NA;NA;3,71;NA;NA;3,73;NA;NA;NA;NA;NA;NA;NA;NA;NA;NA;NA;NA;NA;NA;NA;NA;NA;NA;NA;NA;NA;NA;1,2;NA;0,32;1,43;0,83;NA;NA;NA;NA;NA;NA;NA;NA;NA;NA;NA;NA;NA;NA;NA;NA;NA;1,68;NA;NA;NA;3,89;NA
"106";"1776";5,46;2,07;2,12;1,74;2,24;1,66;1,98;2,02;NA;1,28;1,65;2,64;NA;NA;2,67;NA;NA;NA;NA;NA;NA;2,84;NA;NA;3,49;NA;NA;NA;NA;NA;NA;NA;NA;NA;NA;NA;NA;NA;NA;NA;NA;NA;NA;NA;NA;NA;NA;0,9;NA;0,38;1,5;0,82;NA;NA;NA;NA;NA;NA;NA;NA;NA;NA;NA;NA;NA;NA;NA;NA;NA;2,19;NA;NA;NA;3,94;NA
"107";"1777";3,98;1,62;1,33;1,57;2,21;1,49;1,72;1,57;NA;1,21;1,69;2;NA;NA;2,56;NA;NA;NA;NA;NA;NA;3,1;NA;NA;2,59;NA;NA;NA;NA;NA;NA;NA;NA;NA;NA;NA;NA;NA;NA;NA;NA;NA;NA;NA;NA;NA;NA;0,84;NA;0,45;1;0,69;NA;NA;NA;NA;NA;NA;NA;NA;NA;NA;NA;NA;NA;NA;NA;NA;NA;1,95;NA;NA;NA;2,61;NA
"108";"1778";3,8;1,85;1,41;1,37;2,71;1,51;2,3;1,21;NA;1,45;1,96;2,65;NA;NA;2,01;NA;NA;NA;NA;NA;NA;3,17;NA;NA;2,38;NA;NA;NA;NA;NA;NA;NA;NA;NA;NA;NA;NA;NA;NA;NA;NA;NA;NA;NA;NA;NA;NA;1,51;NA;0,45;1,19;0,56;NA;NA;NA;NA;NA;NA;NA;NA;NA;NA;NA;NA;NA;NA;NA;NA;NA;1,85;NA;NA;NA;2,46;NA
"109";"1779";5,53;2,32;2,28;2;4,09;2,09;2,2;1,84;NA;1,55;2,29;3,08;NA;NA;3,02;NA;NA;NA;NA;NA;NA;4,11;NA;NA;2,94;NA;NA;NA;NA;NA;NA;NA;NA;NA;NA;NA;NA;NA;NA;NA;NA;NA;NA;NA;NA;NA;NA;2,1;NA;0,45;1,5;1,03;NA;NA;NA;NA;NA;NA;NA;NA;NA;NA;NA;NA;1,41;NA;NA;NA;NA;1,85;NA;2,91;NA;2,92;NA
"110";"1780";4,06;1,77;1,87;1,68;4,6;1,18;1,68;1,03;NA;1,44;1,96;2,51;NA;NA;2,82;NA;NA;NA;NA;NA;NA;4,87;NA;NA;3,24;NA;NA;NA;NA;NA;NA;NA;NA;NA;NA;NA;NA;NA;NA;NA;NA;NA;NA;NA;NA;NA;NA;2,15;NA;0,49;1,86;1,15;NA;NA;NA;NA;NA;NA;NA;NA;NA;NA;NA;NA;1,29;NA;NA;NA;NA;1,99;NA;2,72;NA;3,21;NA
"111";"1781";3,01;1,49;1,58;1,42;3,88;1,31;1,29;0,84;NA;1;2,05;1,88;NA;NA;2,45;NA;NA;NA;NA;NA;NA;3,74;NA;NA;2,42;NA;NA;NA;NA;NA;NA;NA;NA;NA;NA;NA;NA;NA;NA;NA;NA;NA;NA;NA;NA;NA;NA;1,59;NA;0,48;1,1;0,8;NA;NA;NA;NA;NA;NA;NA;NA;NA;NA;NA;NA;1,44;NA;NA;NA;NA;2,58;NA;2,6;NA;3,21;NA
"112";"1782";2,02;1,35;1,39;1,87;2,38;1,08;1,12;0,65;NA;1,09;1,71;2,09;NA;NA;2,41;NA;NA;NA;NA;NA;NA;2,43;NA;NA;2,32;NA;NA;NA;NA;NA;NA;NA;NA;NA;NA;NA;NA;NA;NA;NA;NA;NA;NA;NA;NA;NA;NA;1,57;NA;0,44;0,91;0,98;NA;NA;NA;NA;NA;NA;NA;NA;NA;NA;NA;NA;1,3;NA;NA;NA;NA;1,99;NA;2,25;NA;2,87;NA
"113";"1783";2,58;1,46;1,72;2,74;2,66;1,53;1,41;1,52;NA;1,07;1,99;2,68;NA;NA;2,32;NA;NA;NA;NA;NA;NA;3,02;NA;NA;3,06;NA;NA;NA;NA;NA;NA;NA;NA;NA;NA;NA;NA;NA;NA;NA;NA;NA;NA;NA;NA;NA;NA;1,79;NA;0,47;0,96;1,14;NA;NA;NA;NA;NA;NA;NA;NA;NA;NA;NA;NA;2,04;NA;NA;NA;NA;1,51;NA;2,6;NA;3,09;NA
"114";"1784";2,13;1,45;1,39;1,96;2,19;1,4;1,3;1,52;NA;1,33;1,43;1,94;1,18;NA;1,93;NA;NA;NA;NA;NA;NA;1,5;NA;NA;3,03;NA;NA;NA;NA;NA;NA;NA;NA;NA;NA;NA;NA;NA;NA;NA;NA;NA;NA;NA;NA;NA;NA;1,52;NA;0,48;0,68;0,75;NA;NA;NA;NA;NA;NA;NA;NA;NA;2,51;NA;NA;1,61;NA;NA;NA;NA;1,94;NA;2,1;NA;2,36;NA
"115";"1785";2,4;1,35;0,93;2,02;1,78;1,16;1,23;1,37;NA;1,09;1,43;1,58;1,29;NA;2,13;NA;NA;NA;NA;NA;NA;2,53;NA;NA;2,84;NA;NA;NA;NA;NA;NA;NA;NA;NA;NA;NA;NA;NA;NA;NA;NA;NA;NA;NA;NA;NA;NA;1,87;NA;0,7;0,8;0,7;NA;NA;NA;NA;NA;NA;NA;NA;NA;1,21;NA;NA;1,79;NA;NA;NA;NA;1,63;NA;1,99;NA;2,27;NA
"116";"1786";1,56;1,3;1,05;1,56;1,41;0,73;0,96;0,92;NA;1,04;0,99;1,39;1,24;NA;1,96;NA;NA;NA;NA;NA;NA;1,91;NA;NA;2,92;NA;NA;NA;NA;NA;NA;NA;NA;NA;NA;NA;NA;NA;NA;NA;NA;NA;NA;NA;NA;NA;NA;1,52;NA;0,75;0,85;0,66;NA;NA;NA;NA;NA;NA;NA;NA;NA;1,23;NA;2,82;1,73;NA;NA;NA;NA;1,92;NA;2,04;NA;2,29;NA
"117";"1787";2,22;1,32;1,42;1,84;1,2;0,79;0,98;1,05;NA;1,3;0,99;1,68;1,44;NA;2,09;NA;NA;NA;NA;NA;NA;2,45;NA;NA;2,98;NA;NA;NA;NA;NA;NA;NA;NA;NA;NA;NA;NA;NA;NA;NA;NA;NA;NA;NA;NA;NA;NA;1,63;NA;1,15;0,84;0,96;NA;NA;NA;NA;NA;NA;NA;NA;NA;1,42;NA;3,61;1,98;NA;NA;NA;NA;1,87;NA;2,71;NA;2,79;NA
"118";"1788";1,78;0,98;1,3;1,47;1,85;0,71;1,21;1,12;NA;0,76;0,83;1,63;1,6;NA;1,91;NA;NA;NA;NA;NA;NA;3,02;NA;NA;2,81;NA;NA;NA;NA;NA;NA;NA;NA;NA;NA;NA;NA;NA;NA;NA;NA;NA;NA;NA;NA;NA;NA;1,87;NA;0,77;0,66;0,89;NA;NA;NA;NA;NA;NA;NA;NA;NA;1,17;NA;3,68;1,56;NA;NA;NA;NA;1,26;NA;2,25;NA;2,65;NA
"119";"1789";2,65;0,78;1,4;1,72;2,1;0,85;1,64;0,96;NA;0,67;0,89;1,96;2,11;NA;2,03;NA;NA;NA;NA;NA;NA;3,12;NA;NA;2,56;NA;NA;NA;NA;NA;NA;NA;NA;NA;NA;NA;NA;NA;NA;NA;NA;NA;NA;NA;NA;NA;NA;1,83;NA;0,72;0,83;1,32;NA;NA;NA;NA;NA;NA;NA;NA;NA;1,65;NA;4,02;1,61;NA;NA;NA;NA;1,2;NA;2,65;NA;2,76;NA
"120";"1790";2,69;1,06;1,52;1,24;1,81;0,79;1,18;1,58;NA;0,58;0,73;1,92;2,08;NA;2,09;NA;NA;NA;NA;NA;NA;2,33;NA;NA;1,76;NA;NA;NA;NA;NA;NA;NA;NA;NA;NA;NA;NA;NA;NA;NA;NA;NA;NA;NA;NA;NA;NA;1,5;NA;0,76;1,07;1,04;NA;NA;NA;NA;NA;NA;NA;NA;NA;1,85;2,65;3,09;1,78;NA;NA;NA;NA;1,23;NA;2,81;NA;2,56;NA
"121";"1791";2;1,05;1,65;1,35;1,74;0,91;1,05;2,36;NA;0,85;0,67;2,65;1,81;NA;1,85;NA;NA;NA;NA;NA;NA;3,88;NA;NA;2,64;NA;NA;NA;NA;NA;NA;NA;NA;NA;NA;NA;NA;NA;NA;NA;NA;NA;NA;NA;NA;NA;NA;2,32;NA;0,87;0,79;0,78;NA;NA;NA;NA;NA;NA;NA;NA;NA;1,56;2,17;4,59;1,55;NA;NA;NA;NA;1,28;NA;3,1;NA;2,8;NA
"122";"1792";2,18;1,04;1,26;1,16;1,58;0,96;0,83;2,6;NA;0,69;0,71;2,45;1,69;NA;2,2;NA;NA;NA;NA;NA;NA;2,6;NA;NA;2,26;NA;NA;NA;NA;NA;NA;NA;NA;NA;NA;NA;NA;NA;NA;NA;NA;NA;NA;NA;NA;NA;NA;1,31;NA;0,59;0,58;0,52;NA;NA;NA;NA;NA;NA;NA;NA;NA;1,56;2,84;3,47;1,46;NA;NA;NA;NA;1,08;NA;2,66;NA;2,94;NA
"123";"1793";1,25;0,86;1,23;0,77;1,28;0,78;0,86;1,69;NA;0,62;0,67;1,76;1,47;2,2;2,04;NA;NA;NA;NA;NA;NA;2,41;NA;NA;2,5;NA;NA;NA;NA;NA;NA;NA;NA;NA;NA;NA;NA;NA;NA;NA;NA;NA;NA;NA;NA;NA;NA;1,3;NA;0,31;0,58;0;0,56;NA;NA;NA;NA;NA;NA;NA;NA;0,89;1,74;3,34;0,91;NA;NA;NA;NA;0,9;NA;1,92;NA;2,01;NA
"124";"1794";2,25;1,3;1,05;1,02;1,37;1,05;1,21;1,26;NA;0,62;0,77;1,61;1,66;2,02;1,91;NA;NA;NA;NA;NA;NA;1,88;NA;NA;3,07;NA;NA;NA;NA;NA;NA;NA;NA;NA;NA;NA;NA;NA;NA;NA;NA;NA;NA;NA;NA;NA;NA;1,06;NA;0,36;0,5;0;0,44;NA;NA;0,36;NA;NA;NA;NA;NA;1,39;1,65;3,54;1,45;NA;NA;NA;NA;0,95;NA;2,2;NA;2,51;NA
"125";"1795";1,98;1,35;1,09;1,03;1,56;0,98;0,69;1,47;NA;0,77;0,81;1,26;1,28;1,41;1,93;NA;NA;NA;2,31;NA;NA;1,6;NA;NA;3,47;NA;NA;NA;NA;NA;NA;NA;NA;NA;NA;NA;NA;NA;NA;NA;NA;NA;NA;NA;NA;NA;NA;0,78;NA;0,25;0,35;0;0,28;NA;NA;0,23;NA;NA;NA;NA;NA;1,88;1,54;3,32;1,58;NA;NA;NA;NA;1,14;NA;1,92;NA;2,5;NA
"126";"1796";1,92;0,97;0,83;0,61;1,23;0,68;0,59;1,63;NA;0,53;0,64;1,12;1,07;1,87;1,08;NA;NA;NA;2,12;NA;NA;1,99;NA;NA;3,23;NA;NA;NA;NA;NA;NA;NA;NA;NA;NA;NA;NA;NA;NA;NA;NA;NA;NA;NA;NA;NA;NA;0,53;NA;0,15;0,29;0;0,63;NA;NA;0,2;NA;NA;NA;NA;NA;2,18;1,94;3,23;1,81;NA;NA;NA;1,81;0,87;NA;2,68;NA;1,81;NA
"127";"1797";1,53;0,91;0,78;0,43;1,01;0,42;0,41;1,63;NA;0,4;0,52;1,46;0,55;1,24;1,11;NA;NA;NA;1,74;NA;NA;1,83;NA;NA;2,5;NA;NA;NA;NA;NA;NA;NA;NA;NA;NA;NA;NA;NA;NA;NA;NA;NA;NA;NA;NA;NA;NA;0,64;NA;0,65;0,42;0;0,81;NA;NA;0,36;NA;NA;NA;NA;NA;1,55;1,54;3,12;1,61;NA;NA;NA;1,52;0,81;NA;2,9;NA;1,98;NA
"128";"1798";1,21;0,61;0,77;0,33;1,06;0,34;0,34;1,56;NA;0,44;0,48;1,35;0,11;1,14;0,85;NA;NA;NA;3,09;NA;NA;2,42;NA;NA;2,28;NA;NA;NA;NA;NA;NA;NA;NA;NA;NA;NA;NA;NA;NA;NA;NA;NA;NA;NA;NA;NA;NA;0,72;NA;0,42;0,4;0;0,52;NA;NA;0,42;NA;NA;NA;NA;NA;1,42;1,62;3,61;1,43;NA;NA;NA;2,06;0,98;NA;2,06;NA;1,96;NA
"129";"1799";1,03;0,99;0,7;0,47;0,99;0,54;0,49;1,17;NA;0,55;0,58;1,25;0,34;1,45;1,06;NA;NA;NA;2,58;NA;NA;1,2;NA;NA;2,12;NA;NA;NA;NA;NA;NA;NA;NA;NA;NA;NA;NA;NA;NA;NA;NA;NA;NA;NA;NA;NA;NA;0,55;NA;0,46;0,42;0;0,83;NA;NA;0,4;NA;NA;NA;NA;NA;1,51;0,85;2,62;1,82;NA;NA;NA;1,63;1,02;NA;1,61;NA;1,99;NA
"130";"1800";1,34;1,3;1,02;0,83;1,19;0,75;0,72;1,5;NA;0,62;0,86;1,05;0,47;1,51;1,47;NA;NA;NA;3,2;NA;NA;1,16;NA;NA;2,53;NA;NA;NA;NA;NA;NA;NA;NA;NA;NA;NA;NA;NA;NA;NA;NA;NA;NA;NA;NA;NA;NA;0,58;NA;0,64;0,5;0,3;0,89;NA;NA;0,55;NA;NA;NA;NA;NA;1,44;1,65;2,84;2,01;NA;NA;NA;1,57;0,92;NA;2,71;NA;2,97;NA
"131";"1801";0,84;1,08;0,75;0,72;1,11;0,5;0,63;1,27;NA;0,6;0,6;1,22;0,34;1,63;1,24;NA;NA;NA;2,81;NA;NA;1,25;NA;NA;2,14;NA;NA;NA;NA;NA;NA;NA;NA;NA;NA;NA;NA;NA;NA;NA;NA;NA;NA;NA;NA;NA;NA;0,77;NA;0,37;0,45;0,33;0,92;NA;NA;0,4;NA;NA;NA;NA;NA;1,99;1,46;2,98;1,97;NA;NA;NA;1,17;0,56;NA;2,93;NA;2,11;1,78
"132";"1802";1,17;1,1;0,7;0,7;0,96;0,51;0,53;1,22;NA;0,88;0,68;1,25;0,48;1,3;1,09;NA;NA;NA;2,32;NA;NA;1,29;NA;NA;1,36;NA;NA;NA;NA;NA;NA;NA;NA;NA;NA;NA;NA;NA;NA;NA;NA;NA;NA;NA;NA;NA;NA;1,02;NA;0,37;0,61;0,51;1,42;NA;NA;0,58;NA;NA;NA;NA;NA;2,91;1,51;2,71;1,84;NA;NA;NA;1,43;1,45;NA;2,45;NA;1,75;1,46
"133";"1803";1,4;1,56;1,12;0,75;1,2;0,62;0,55;1,14;NA;0,92;0,69;1,52;0,85;1,08;1,49;NA;NA;NA;2,44;NA;NA;1,33;NA;NA;1,95;NA;NA;NA;NA;NA;NA;NA;NA;NA;NA;NA;NA;NA;NA;NA;NA;NA;NA;NA;NA;NA;NA;1,33;NA;0,62;0,67;0,61;1,28;NA;NA;0,82;NA;NA;NA;NA;NA;2,4;2,82;3,2;2,5;NA;NA;NA;2,13;1,62;NA;2,79;NA;1,87;1,63
"134";"1804";1,61;1,58;1,49;0,98;1,27;0,64;0,78;1,45;NA;1,09;0,99;1,72;0,97;1,41;1,48;NA;NA;NA;3,25;NA;NA;2,17;NA;NA;2,39;NA;NA;NA;NA;NA;NA;NA;NA;NA;NA;NA;NA;NA;NA;NA;NA;NA;NA;NA;NA;NA;NA;1,02;NA;0,86;0,57;0,84;1,26;NA;NA;0,92;NA;NA;NA;NA;NA;2,58;2,09;3,01;2,01;NA;NA;NA;1,78;1,52;NA;2,26;NA;1,81;1,52
"135";"1805";2,23;1,37;1,19;0,79;1,15;0,48;0,69;1;NA;0,8;1,12;1,51;1,02;1,27;1,44;NA;NA;NA;2,91;NA;NA;2,44;NA;NA;2,06;NA;NA;NA;NA;NA;NA;NA;NA;NA;NA;NA;NA;NA;NA;NA;NA;NA;NA;NA;NA;NA;NA;0,84;NA;0,99;0,43;0,61;2,05;NA;NA;1,03;NA;NA;NA;NA;NA;2,25;1,94;2,73;1,87;NA;NA;NA;1,69;1,25;NA;2,37;NA;1,67;1,83
"136";"1806";1,72;1,08;1,28;0,62;1,09;0,47;0,67;0,94;NA;0,78;0,96;1,58;0,86;0,93;1,28;NA;NA;NA;2,79;NA;NA;1,71;NA;NA;2,04;NA;NA;NA;NA;NA;NA;NA;NA;NA;NA;NA;NA;NA;NA;NA;NA;NA;NA;NA;NA;NA;NA;0,67;NA;0,69;0,32;0,37;1,22;NA;NA;0,54;NA;NA;NA;NA;NA;2,34;1,47;2,47;1,68;NA;NA;NA;1,61;1,1;NA;2,33;NA;1,5;1,72
"137";"1807";1,9;0,89;1,09;0,82;0,93;0,55;0,61;1,01;NA;0,75;1,1;2,04;0,69;0,92;1,24;NA;NA;NA;1,74;NA;NA;1,67;NA;NA;1,87;NA;NA;NA;NA;NA;NA;NA;NA;NA;NA;NA;NA;NA;NA;NA;NA;NA;NA;NA;NA;NA;2,48;0,73;NA;0,77;0,41;0,61;1,05;NA;NA;0,58;NA;NA;NA;NA;NA;2,21;1,22;2,01;1,67;NA;NA;NA;1,49;1,24;NA;2,23;NA;1,39;1,87
"138";"1808";1,24;0,7;1,16;0,85;0,93;0,47;0,6;1,38;NA;0,67;1,04;2,04;0,53;0,94;1,17;NA;NA;NA;2,22;NA;NA;2,26;NA;NA;1,63;2,73;NA;NA;NA;NA;NA;NA;NA;NA;NA;NA;NA;NA;NA;NA;NA;NA;NA;NA;NA;NA;1,76;0,63;NA;1,68;0,45;0,47;0,87;NA;NA;1,12;NA;NA;NA;NA;NA;1,77;1,38;1,55;1,32;NA;NA;NA;1,05;1,2;NA;1,87;NA;1,39;1,74
"139";"1809";0,73;0,83;0,9;0,55;0,66;0,34;0,84;1,19;0,79;0,53;0,84;2,03;0,73;0,89;0,82;NA;NA;NA;1,64;NA;NA;1,47;NA;NA;1,62;3,31;NA;NA;NA;NA;NA;NA;NA;NA;NA;NA;NA;NA;NA;NA;NA;NA;NA;NA;NA;NA;2,22;0,47;NA;1,35;0,52;0,45;1,49;NA;NA;0,78;NA;NA;1,25;NA;NA;2,04;1,72;1,61;1,29;NA;NA;NA;1,67;1,58;2,08;2,08;NA;0,94;1,65
"140";"1810";0,84;0,81;0,97;0,66;1;0,41;1,05;1,08;0,95;0,48;0,73;3,03;0,62;0,84;0,86;NA;NA;NA;1,28;NA;NA;1,24;NA;NA;1,22;2,84;NA;NA;NA;NA;NA;NA;NA;NA;NA;NA;NA;NA;NA;NA;NA;NA;NA;NA;NA;NA;2,67;0,53;NA;1,5;0,49;0,54;1,79;NA;NA;0,67;NA;NA;1,64;NA;NA;1,36;1,57;1,47;1,06;NA;2,85;NA;1,06;1,33;2;1,57;NA;0,56;1,09
"141";"1811";0,98;1,01;1,26;0,64;0,76;0,45;1,24;1,29;1,29;0,71;0,74;3,17;0,55;1,12;0,93;NA;NA;NA;1,71;NA;NA;1,48;NA;NA;1,36;2,26;NA;NA;NA;NA;NA;NA;NA;NA;NA;NA;NA;NA;NA;NA;NA;NA;NA;NA;NA;NA;2,66;0,57;NA;1,75;0,42;0,48;1,49;NA;NA;0,67;NA;NA;1,5;NA;NA;1,58;1,12;1,8;1,2;NA;3,67;NA;1,11;1,14;1,88;1,57;NA;1,09;1,36
"142";"1812";1,26;0,83;1,03;0,64;0,92;0,51;1,11;1,45;1,7;1,04;0,85;3,09;0,5;1,86;1,1;NA;NA;1,29;1,77;NA;NA;1,17;NA;NA;1,81;1,78;NA;NA;NA;NA;NA;NA;NA;NA;NA;NA;NA;NA;NA;NA;NA;NA;NA;NA;NA;NA;2,44;0,63;NA;1,72;0,4;0,45;1,75;NA;NA;0,64;NA;NA;1,78;NA;NA;1,91;1,51;2,07;1,55;NA;3,51;NA;1,21;1,21;1,64;1,74;NA;1,31;1,8
"143";"1813";1,42;0,9;1,95;0,77;1,24;0,53;1,2;1,29;1,62;0,79;0,73;2,88;0,39;2,64;1,38;NA;NA;0,79;1,95;NA;NA;1,68;NA;NA;1,89;1,15;NA;NA;NA;NA;NA;NA;NA;NA;NA;NA;NA;NA;NA;NA;NA;NA;NA;NA;NA;NA;2,15;0,73;NA;1,67;0,26;0,35;1,55;NA;NA;0,6;NA;NA;2,1;NA;NA;1,63;1,42;2,59;1,6;NA;3,89;NA;1,25;1,13;2,19;2,27;NA;1,32;1,9
"144";"1814";0,92;0,84;1,39;0,85;1;0,75;1,24;0,87;0,96;0,68;0,81;2,49;0,43;1,7;1,31;NA;NA;0,45;1,89;NA;NA;1,66;NA;NA;1,39;1,13;NA;NA;NA;NA;NA;NA;NA;NA;NA;NA;NA;NA;NA;NA;NA;NA;NA;NA;NA;NA;2,33;0,7;NA;1,54;0,44;0,64;1,26;NA;NA;0,81;NA;NA;1,89;NA;NA;1,86;1,34;1,8;1,33;NA;3,38;NA;1,27;1,01;1,86;1,36;NA;1,21;1,3
"145";"1815";1,16;1,09;1,38;1,01;1,46;0,8;1,48;0,99;1,15;0,83;0,95;2,44;0,53;1,66;1,42;NA;NA;0,92;1,64;NA;NA;1,61;NA;NA;1,25;0,94;NA;NA;NA;NA;NA;NA;NA;NA;NA;NA;NA;NA;NA;NA;NA;NA;NA;NA;NA;NA;3,54;0,71;NA;1,61;0,37;0,6;1,17;NA;NA;1,45;NA;NA;1,4;NA;NA;1,87;1,04;1,48;1,42;NA;2,71;NA;1,18;1,21;1,33;1,43;NA;1,15;1,21
"146";"1816";1,53;1,08;1,5;1,29;1,39;0,97;1,05;0,85;1,05;0,81;0,91;1,99;0,9;0,91;1,3;NA;NA;0,79;1,34;NA;NA;1,28;NA;NA;1,54;1,63;NA;NA;NA;NA;NA;NA;NA;NA;NA;NA;NA;NA;NA;NA;NA;NA;NA;NA;NA;NA;2,14;0,65;NA;1,19;0,33;0,53;1,16;NA;NA;1,44;NA;NA;1,55;NA;NA;1,62;0,76;1,69;1,17;NA;2,04;NA;0,89;1,41;1,37;1,12;NA;1,06;1,22
"147";"1817";1,32;1,23;1,43;1,73;1,42;1,01;0,84;1,17;0,91;1,01;0,97;1,99;1,57;0,83;1,19;NA;NA;0,96;1,26;NA;NA;2,14;NA;NA;2,68;2,86;NA;NA;NA;NA;NA;NA;NA;NA;NA;NA;NA;NA;NA;NA;NA;NA;NA;NA;NA;NA;1,69;0,92;NA;1,44;0,37;0,55;1,22;NA;NA;2,06;NA;NA;1,37;NA;NA;1,82;1,03;2,54;1,4;NA;2,32;1,9;1,22;2;1,46;1,41;NA;1,15;1,13
"148";"1818";1,44;1;0,92;1,56;1,37;0,98;0,69;1,31;0,76;0,97;0,9;2,32;1,71;1,22;1,47;NA;NA;0,59;1,41;NA;NA;2,65;NA;NA;2,36;2,88;NA;NA;NA;NA;NA;NA;NA;NA;NA;NA;NA;NA;NA;NA;NA;NA;NA;NA;NA;NA;1,64;0,81;NA;0,66;0,36;0,56;0,66;NA;NA;1,48;NA;NA;1,72;NA;NA;1,77;1,31;2;1,41;NA;2,54;1,82;1,2;1,95;1,41;0,93;NA;1,19;0,95
"149";"1819";2;2,03;1,62;2,59;1,74;1,58;0,99;1,66;1,09;1,32;0,9;3,51;2,58;2,51;1,45;NA;NA;0,81;2,23;NA;NA;2,42;NA;NA;1,88;3,08;NA;NA;NA;NA;NA;NA;NA;NA;NA;NA;NA;NA;NA;NA;NA;NA;NA;NA;NA;NA;2,13;0,64;NA;0,82;0,47;0,76;0,98;NA;NA;1,02;NA;NA;1,74;NA;NA;2,35;1,61;1,79;1,88;NA;3,66;3,43;1,06;1,63;2,4;1,68;NA;1,22;1,49
"150";"1820";1,83;1,49;1,95;1,54;1,31;1,05;1,16;1,23;1,32;0,92;0,82;2,54;2,21;2,07;1,12;NA;NA;1,18;1,4;NA;NA;1,76;NA;NA;1,54;3,15;NA;NA;NA;NA;NA;NA;NA;NA;NA;NA;NA;NA;NA;NA;NA;NA;NA;NA;NA;NA;1,76;0,63;NA;0,66;0,23;0,53;0,92;NA;NA;0,97;NA;NA;0,67;NA;NA;1,75;0,93;1,52;1,98;NA;2,63;2,29;0,74;1,35;1,64;1,4;NA;0,83;1,9
"151";"1821";1,43;1,79;2,45;1,73;1,11;0,8;1;1,16;1,04;0,93;0,66;2,22;1,98;1,71;1,01;NA;NA;2,07;1,6;NA;NA;1,58;NA;NA;1,89;3,95;NA;NA;NA;NA;NA;NA;NA;NA;NA;NA;NA;NA;NA;NA;NA;NA;NA;NA;NA;NA;1,99;0,72;NA;0,97;0,28;0,46;1,29;NA;NA;1,37;NA;NA;1,13;NA;NA;1,69;0,94;1,58;1,35;NA;2,33;2,11;0,76;1,44;1,28;0;NA;0,8;1,39
"152";"1822";1,72;1,65;2,75;2,05;1,65;0,65;1,35;1,07;0,77;1,26;0,68;2,37;2,11;2,39;1,05;NA;NA;1,39;1,63;NA;NA;2,58;NA;4,2;2,25;3,33;NA;NA;NA;NA;NA;NA;NA;NA;NA;NA;NA;NA;NA;NA;NA;NA;NA;NA;NA;NA;2,33;1,16;NA;0,99;0,29;0,38;1,46;NA;NA;1,63;NA;NA;1,77;NA;NA;1,99;1,01;2,05;1,12;NA;2,6;2,52;0,83;1,01;1,19;1,2;NA;1;1,21
"153";"1823";1,58;1,32;2,62;1,61;1,39;0,6;0,99;1,44;0,94;1,23;0,72;2,03;1,7;1,86;0,8;NA;NA;1,11;1,55;NA;NA;2,24;NA;3,6;1,5;2,62;NA;NA;NA;NA;NA;NA;NA;NA;NA;NA;NA;NA;NA;NA;NA;NA;NA;NA;NA;NA;2,48;0,9;NA;1,22;0,34;0,5;2,09;2,96;NA;2,29;NA;NA;2,06;NA;2,86;1,64;0,74;2,15;1,48;NA;2,04;2,22;0,78;0,89;1,65;1,17;NA;0,98;1,35
"154";"1824";1,87;1,44;2,96;1,85;1,63;0,71;0,97;1,58;0,99;1,29;0,88;2,17;1,78;2,3;1,11;NA;NA;1,18;1,87;NA;NA;1,45;NA;3,87;1,15;2,46;NA;NA;NA;NA;NA;NA;NA;NA;NA;NA;NA;NA;NA;NA;NA;NA;NA;NA;NA;NA;2,6;0,96;NA;1,2;0,27;0,36;1,38;3,27;NA;1,78;NA;NA;1,76;NA;3,37;1,58;0,77;2,46;1,8;NA;1,95;2,79;0,94;1,08;1,71;1,2;NA;1,35;1,26
"155";"1825";1,35;1,25;2,37;1,81;1,53;0,71;1,01;1,68;1,33;1,31;0,92;2,26;1,68;2,4;1,02;NA;NA;1,32;1,35;NA;NA;1,54;NA;3,29;0,88;2,05;NA;NA;NA;NA;NA;NA;NA;NA;NA;NA;NA;NA;NA;NA;NA;NA;NA;NA;NA;NA;2,51;0,85;NA;1,06;0,28;0,5;0,96;2,38;2,76;1,12;NA;NA;1,27;NA;3,74;1,46;0,78;2,05;2,02;NA;2,61;1,72;0,99;0,94;1,54;1,08;NA;1,42;1,48
"156";"1826";1,53;1,34;2,33;1,91;1,47;0,65;0,81;0,82;1,23;0,93;0,75;2,31;1,5;2,22;1,13;NA;NA;1,54;2,18;NA;NA;1,25;NA;3,14;0,94;2,56;NA;NA;NA;NA;NA;NA;NA;NA;NA;NA;NA;NA;NA;NA;NA;NA;NA;NA;NA;NA;2,02;0,63;NA;0,82;0,25;0,36;0,88;2,06;2,36;1,37;NA;NA;0,95;NA;3,2;1,18;0,58;1,43;1,53;NA;3,24;1,15;0,88;0,8;1,43;0,72;NA;1,05;1,58
"157";"1827";1,64;1,69;2,76;2,42;1,67;0,77;1,15;1,18;1,73;1,13;0,99;2,22;1,42;2,39;1,53;NA;NA;1,47;1,93;NA;NA;1,09;NA;2,83;1,28;2,12;NA;NA;NA;NA;NA;NA;NA;NA;NA;NA;NA;NA;NA;NA;NA;NA;NA;NA;NA;NA;3,58;0,52;NA;1,16;0,47;0,89;1,5;2,76;2,56;2,08;NA;NA;1,79;NA;3,86;1,59;0,84;1,37;1,91;NA;2,99;2,31;1,21;1,04;2,07;1,21;NA;1,24;2,24
"158";"1828";1,92;1,93;2,12;2,41;1,89;0,65;1,28;1,19;1,58;1,15;1,04;1,84;1,46;2,5;1,69;NA;NA;0,91;2,53;NA;NA;1,06;NA;2,42;1,56;2,66;NA;NA;NA;NA;NA;NA;NA;NA;NA;NA;NA;NA;NA;NA;NA;NA;NA;NA;NA;NA;2,86;0,89;NA;1,19;0,39;0,65;1,73;3,02;2,85;1,73;NA;NA;1,84;NA;2,8;1,6;0,72;1,74;1,5;NA;2,29;1,62;1,34;1,3;1,65;1,31;NA;1,17;2,15
"159";"1829";1,77;1,41;1,98;2,04;1,77;0,59;1,34;1,24;1,38;0,99;0,86;1,69;1,33;2,92;1,54;NA;NA;0,7;1,71;NA;NA;0,68;NA;1,82;1,49;1,84;NA;NA;NA;NA;NA;NA;NA;NA;NA;NA;NA;NA;NA;NA;NA;NA;NA;NA;NA;NA;2,92;0,91;NA;0,9;0,36;0,49;2,29;3,64;3,08;1,61;NA;NA;1,43;NA;2,38;1,48;0,62;1,85;1,21;NA;2,24;1,6;0,97;0,91;1,68;1,27;NA;1,23;1,82
"160";"1830";1,22;1,41;1,88;1,92;1,88;0,38;1,19;1,28;2,05;0,86;0,84;2,08;0,74;3,58;1,46;NA;NA;0,96;1,02;NA;NA;0,94;NA;2,65;1,44;1,52;NA;NA;NA;NA;NA;NA;NA;NA;NA;NA;NA;NA;NA;NA;NA;NA;NA;NA;NA;1,68;2,51;0,68;NA;0,96;0,21;0,71;1,94;2,89;2,57;1,79;NA;NA;1,21;NA;3,24;1,84;1,01;1,89;1,21;NA;2,41;1,55;1,06;1,08;1,81;1,56;NA;1,27;1,2
"161";"1831";1,83;1,66;2,39;2,32;2,28;0,55;1,25;1,52;2,15;1,17;1,16;2,48;0,97;3,88;2,21;NA;NA;1,77;1,3;NA;NA;1,23;NA;2,25;1,64;1,74;NA;NA;NA;NA;NA;NA;NA;NA;NA;NA;NA;NA;NA;NA;NA;NA;NA;NA;NA;1,26;2,41;0,75;NA;0,92;0,29;0,51;1,27;2,46;1,79;1,35;NA;NA;1,23;NA;2,96;1,69;0,87;1,74;1,54;NA;1,91;2,47;1,36;0,92;1,4;1,38;NA;1,51;0,94
"162";"1832";1,92;1,64;1,91;1,68;2,05;0,75;1,2;1,43;2,11;0,88;1,12;2;0,86;3,26;2,45;NA;NA;2,45;0,88;NA;NA;1,35;NA;2,17;1,18;1,49;NA;NA;NA;NA;NA;NA;NA;NA;NA;NA;NA;NA;NA;NA;NA;NA;NA;NA;NA;1,63;2,79;1;NA;0,88;0,39;0,63;1,92;2,85;2,33;1,65;NA;NA;0,91;NA;3,53;1,4;0,68;1,75;1,57;NA;2,41;2,32;1,39;0,94;1,23;1,27;NA;1,26;1,48
"163";"1833";1,86;1,39;2,12;1,42;1,85;0,91;0,89;1,62;2,2;0,82;1,2;1,92;0,7;2,33;2,22;NA;NA;2,55;0,77;NA;NA;1,08;NA;2,34;1,2;1,67;NA;NA;NA;NA;NA;NA;NA;NA;NA;NA;NA;NA;NA;NA;NA;NA;NA;NA;NA;2,67;2,7;0,96;NA;1,05;0,4;0,66;1,9;2,31;3,28;1,98;NA;NA;1,36;1,63;2,24;0,96;0,47;1,46;1,12;NA;2,26;1,07;1,09;0,98;1,04;1,08;NA;1,16;1,7
"164";"1834";1,78;1,71;2,74;1,69;1,96;1,56;1,31;2,19;2,68;1,07;1,16;2,39;0,91;3,08;2,28;NA;NA;1,94;1,6;NA;NA;2,14;NA;2,8;2,04;2,3;2,18;NA;NA;NA;NA;NA;NA;NA;NA;NA;NA;NA;NA;NA;NA;NA;NA;NA;NA;2,47;2,69;0,89;NA;1,03;0,37;0,64;1,88;3,22;2,26;2,86;NA;NA;1,42;1,93;2,37;1,28;0,95;1,35;1,04;NA;2,82;1,16;1,16;1,13;1,15;1,03;NA;1,15;1,84
"165";"1835";1,53;1,85;2,35;1,21;1,56;1,15;1,18;1,75;1,86;1,04;1,08;2,32;0,93;3,21;1,73;NA;NA;1,79;1,13;NA;NA;1,88;NA;3,71;1,7;1,28;1,83;NA;NA;NA;NA;NA;NA;NA;NA;NA;NA;NA;NA;NA;NA;NA;NA;NA;NA;2,37;2,55;0,55;NA;0,84;0,31;0,51;2,01;2,95;2,55;1,79;NA;NA;0,98;1,5;2,15;1,17;0,91;1;1,03;NA;2,24;1,2;1,23;0,96;1,19;0,75;NA;0,86;1,57
"166";"1836";1,08;1,13;2,03;0,82;1,28;0,79;0,91;1,34;1,63;0,73;0,78;2,01;0,51;1,84;1,51;NA;NA;1,39;1,11;NA;NA;1,54;NA;2,95;1,4;1,26;2,32;NA;NA;NA;NA;NA;NA;NA;NA;NA;NA;NA;NA;NA;NA;NA;NA;NA;NA;2,18;2,15;0,48;NA;0,68;0,4;0,53;1,59;2,15;1,93;1,26;NA;NA;0,81;1,22;1,49;0,99;0,34;0,91;0,74;NA;1,77;1;0,95;0,83;0,98;0,58;NA;0,66;0,97
"167";"1837";1,07;1,08;1,78;1,02;1,28;0,66;1,05;1,46;1,24;0,83;0,89;2,16;0,56;1,36;1,3;NA;NA;1,6;1,04;NA;NA;1,03;NA;2,38;1,22;1,26;1,62;NA;NA;NA;NA;NA;NA;NA;NA;NA;NA;NA;NA;NA;NA;NA;NA;NA;NA;1,83;1,87;0,51;NA;0,74;0,32;0,51;1,23;1,91;1,69;1,76;NA;NA;0,75;1,17;1,72;1,02;0,42;1,06;0,63;NA;1,67;1,21;0,76;1,07;1,22;0,71;NA;0,77;0,72
"168";"1838";0,83;0,76;1,46;0,83;1,35;0,54;0,98;1,2;1,13;1;0,79;2,35;0,53;1;0,8;NA;NA;1,61;1,04;NA;NA;1,39;NA;1,89;1,57;1,51;2,09;NA;NA;NA;NA;NA;NA;NA;NA;NA;NA;NA;NA;NA;NA;NA;NA;NA;NA;2,01;1,89;0,54;NA;0,94;0,34;0,64;1,58;1,72;1,93;2,02;NA;NA;0,64;1,22;1,59;1,17;0,49;1,03;0,54;NA;1,76;0,88;0,71;1,19;1,35;1,16;NA;0,7;0,95
"169";"1839";0,86;0,85;1,4;1,04;1,22;0,7;0,9;1,33;1,2;0,87;0,77;1,76;0,57;1,19;0,96;NA;NA;1,37;0,9;NA;NA;1,06;NA;1,75;1,49;1,33;1,75;NA;NA;NA;NA;NA;NA;NA;NA;NA;NA;NA;NA;NA;NA;NA;NA;NA;NA;2,22;2,6;0,36;NA;0,86;0,32;0,65;1,39;2,15;1,68;2,11;NA;NA;0,75;2,07;2,13;1,2;0,48;0,88;0,65;NA;1,88;0,72;0,64;0,98;1,31;0,77;NA;0,73;0,99
"170";"1840";0,51;0,98;1,45;1,26;1,01;0,74;0,96;1,5;1,35;0,71;0,79;2,16;0,63;1,24;0,68;NA;NA;1,48;0,68;NA;NA;0,92;NA;1,75;1,23;1,23;1,62;NA;NA;NA;NA;NA;NA;NA;NA;NA;NA;NA;NA;NA;NA;NA;NA;NA;NA;2,01;2,33;0,44;NA;0,74;0,37;0,63;1,3;2,47;1,78;2,39;2,14;NA;0,77;2,23;2,57;1,3;0,67;1,01;0,83;NA;1,95;0,69;1,07;0,87;1,04;0,96;NA;0,73;0,8
"171";"1841";0,7;0,93;1,45;0,98;1,01;0,83;0,7;1,42;1,17;0,81;0,82;1,49;0,96;1,06;0,69;NA;NA;1,13;0,77;NA;NA;0,52;NA;1,81;1,12;0,93;2,07;NA;NA;NA;NA;NA;NA;NA;NA;NA;NA;NA;NA;NA;NA;NA;NA;NA;NA;1,89;2,7;0,51;NA;0,61;0,28;0,42;0,96;1,94;1,66;2,43;2,3;NA;0,56;1,84;2,52;1,21;0,8;1,04;0,97;NA;1,68;0,97;1,28;0,62;1,27;1,21;NA;0,76;0,99
"172";"1842";0,81;0,89;1,59;1,21;1,09;0,78;0,98;1,06;1,19;0,74;0,83;1,92;0,86;1,28;0,88;NA;NA;1,55;0,78;NA;NA;0,9;NA;1,86;1,3;0,98;2,57;NA;NA;NA;NA;NA;NA;NA;NA;NA;NA;NA;NA;NA;NA;NA;NA;NA;NA;1,62;2,01;0,41;NA;0,51;0,35;0,66;1,05;1,52;1,03;1,85;1,79;NA;0,6;1,77;1,98;1,21;0,55;0,88;0,82;NA;1,96;0,9;1,11;0,64;0,73;0,88;NA;0,92;0,97
"173";"1843";0,85;1,15;1,42;1,24;1,32;1,16;1,09;1,58;1,87;0,78;1,09;1,86;1,83;1,55;0,83;NA;NA;2,49;0,62;NA;NA;1,23;NA;2,19;1,39;1,04;3,05;NA;NA;NA;NA;NA;NA;NA;NA;NA;NA;NA;NA;NA;NA;NA;NA;NA;NA;1,36;2,05;0,69;NA;0,6;0,37;0,69;1,24;1,83;1,44;2,49;2,63;NA;0,69;1,38;2,68;1,25;0,77;0,87;0,78;NA;2,71;1,57;1,13;0,85;1,07;0,75;NA;0,7;1,41
"174";"1844";0,51;0,8;0,8;1,18;0,93;0,9;0,85;1,15;1,28;0,74;0,95;1,38;1,8;1,55;0,73;NA;NA;1,62;0,65;NA;NA;1,31;NA;1,44;1,04;1,24;2,37;NA;NA;NA;NA;1,04;NA;NA;NA;NA;NA;NA;2,53;NA;NA;NA;NA;NA;NA;1,15;0;0,6;NA;0,52;0,4;0,82;1,16;1,31;1;1,76;2,09;NA;0,5;1,15;1,86;1,04;0,53;0,88;0,62;NA;2,29;1,2;0,81;0,68;0,92;0,92;NA;0,72;1,48
"175";"1845";0,67;0,69;0,7;1,43;0,68;0,74;0,93;1,03;1,05;0,68;0,81;0,93;1,56;1,43;0,48;NA;2,29;1,86;0,92;NA;NA;2,3;NA;2,07;1,49;1,71;3,05;NA;NA;NA;NA;1,55;NA;NA;NA;NA;NA;NA;2,2;NA;NA;NA;NA;NA;NA;0,98;1,47;0,38;NA;0,65;0,3;0,85;1,44;1,29;1,23;1,77;2,24;NA;0,59;1,42;2,07;0,92;0,48;0,78;0,97;NA;2,48;1,15;0,81;0,7;0,94;1,04;NA;0,75;1,6
"176";"1846";0,71;1,06;0,77;1,67;0,89;0,61;1,37;1,65;1,41;0,67;0,73;0,78;2,14;1,75;0,96;NA;2,82;1,78;0,99;NA;NA;3,05;1,93;2,66;1,53;2,42;3,19;NA;NA;NA;NA;1,87;NA;NA;NA;NA;NA;NA;1,54;NA;NA;NA;NA;NA;NA;1,38;1,77;0,54;NA;0,62;0,34;0,86;1,58;1,58;1,06;1,62;1,13;NA;0,59;1,63;3,02;1,04;0,71;1,01;1,24;0,88;2,99;1,4;0,81;0,71;1,15;1,06;NA;0,73;1,97
"177";"1847";0,71;1,23;0,81;1,62;1,15;0,69;1,58;1,89;1,63;0,89;0,97;0,88;2,31;1,79;1,02;NA;2,96;1,78;1,15;NA;NA;1,91;1,93;1,67;1,08;1,49;2,36;NA;NA;NA;NA;2,51;NA;NA;NA;NA;NA;NA;2,05;NA;NA;NA;NA;NA;NA;1,31;1,67;0,49;NA;0,81;0,52;0,45;1,12;1,49;1,42;1,81;3;NA;0,67;1,51;2,58;1,05;0,72;0,77;1,17;0,88;3,32;1,25;0,75;0,91;1,23;1,01;NA;0,68;2,03
"178";"1848";0,79;1,3;1,18;1,48;1,13;1;1,35;1,58;1,49;0,9;1,15;0,9;2,06;1,86;1,06;NA;3,06;2,29;1;NA;NA;2,08;2,12;1,42;1,06;2,36;2,69;NA;NA;NA;4,06;2,57;NA;2,7;NA;NA;NA;NA;2,58;NA;NA;NA;4,08;NA;NA;2,03;2,34;0,56;NA;1,03;0,45;0,78;1,41;2,06;2,34;2,34;2,45;NA;1,19;1,68;2,55;0,73;1,07;1,12;0,78;1,17;3,11;1,29;0,79;0,75;1,27;0,93;NA;0,68;1,87
"179";"1849";0,62;0,99;1,09;0,96;1,02;0,87;0,99;1,63;1,81;0,78;1,14;0,75;1,82;1,97;NA;NA;3,4;2,21;1,52;NA;NA;2,64;2,24;2,13;1,37;1,84;3,04;NA;NA;NA;2,58;2,46;NA;2,39;NA;2;NA;NA;2,15;2,57;NA;NA;2,65;NA;NA;1,3;2,76;0,99;NA;0,78;0,3;0,75;1,28;2,15;2,42;1,99;1,86;NA;1,01;1,72;1,79;0,76;0,72;1,2;0,59;1,26;3,09;1,16;0,54;0,53;1,07;0,81;NA;0,7;1,46
"180";"1850";0,69;1,1;1,52;0,84;1,09;0,81;1,21;1,37;1,67;0,99;1,11;1,08;1,25;1,4;NA;NA;3,99;1,8;1,31;NA;NA;1,66;1,36;1,45;1,01;1,61;1,96;NA;NA;NA;2,98;3,11;NA;2,37;NA;1,77;NA;NA;2,58;2,23;NA;NA;2,14;NA;NA;0,91;2,45;1,09;NA;0,74;0,2;0,83;1,12;1,71;1,71;1,4;1,88;NA;1;1,2;1,78;0,95;0,71;1,77;0,74;1,36;2,66;1,25;0,55;0,58;1,06;0,76;NA;0,83;2,07
"181";"1851";0,85;1,11;1,74;1,01;1,19;0,77;1,35;1,26;1,89;1,04;0,97;1,21;1,09;1,5;NA;NA;5,43;1,55;1,4;NA;NA;1,41;1,63;1,34;0,67;1,42;1,96;NA;NA;NA;3,43;3,42;NA;2,61;NA;1,8;NA;NA;2,8;2,49;NA;NA;2,92;NA;NA;1,09;2,53;0,62;2,41;0,46;0,43;0,69;1,18;2,06;1,7;1,08;1,51;1,61;1,24;1,45;2,39;0,95;0,69;1,58;0,86;1,35;2,5;0,86;0,7;0,47;0,96;0,55;NA;0,81;2,46
"182";"1852";1,09;1,4;1,61;0,9;1,39;1,09;1,4;1,33;1,85;0,79;1,28;1,5;1,16;1,27;NA;NA;5,75;1,51;1,29;NA;NA;1,35;1,69;1,16;0,7;1,35;2,49;NA;NA;NA;3,59;4,1;NA;3,73;1,73;3,16;NA;NA;3,38;3,41;NA;NA;4,67;NA;NA;1,12;2,26;0,93;2,25;0,68;0,34;0,82;1;1,43;1,56;1,25;1,79;1,67;1,51;1,38;2,33;0,73;0,78;1,65;0,79;2,08;3,67;1,43;0,66;0,57;0,91;0,8;NA;0,93;2,94
"183";"1853";1,04;1,1;1,36;0,56;1,24;0,81;1,32;1,23;1,3;0,73;1,28;1,52;1,1;0,96;NA;NA;4,73;1,73;1,46;NA;4,09;1,03;1,27;0,62;0,72;1,04;2,61;NA;NA;NA;2,63;3,2;NA;3,26;1,42;3,12;NA;NA;2,46;1,69;NA;NA;2,97;NA;NA;0,94;1,2;0,68;1,37;0,42;0,06;0,6;0,92;1,07;1,17;0,72;1,86;1,4;1,22;1,1;1,53;0,49;0,45;1,29;0,63;1,7;3;1,03;0,57;0,52;0,66;0,57;NA;0,75;1,93
"184";"1854";1,43;0,95;2;0,5;1,07;0,9;1,63;1,37;1,27;0,36;1,03;1,83;1,1;1,27;NA;NA;5,26;2,07;1,14;NA;3,84;1,46;1,64;0,9;0,74;0,94;3,7;NA;NA;NA;1,4;2,34;NA;2,68;0,88;1,39;NA;NA;2,28;1,14;NA;NA;1,51;NA;NA;1,57;2,12;0,42;2,18;0,49;0,67;0,51;1,56;2,27;2,37;1,19;3,07;2,06;1,48;2,36;2,03;0,86;1,13;1,42;0,78;1,67;3,96;2,63;0,85;0,63;1,03;1,19;NA;0,56;2,43
"185";"1855";1,18;0,76;1,77;0,49;0,83;0,93;1,14;1,23;1,29;0,57;0,99;1,78;1,06;1,25;NA;NA;4,18;1,48;1,19;NA;3;1,12;1,35;1;0,78;0,89;2,9;NA;2,08;NA;1,94;2,03;NA;3,24;1,14;2,18;NA;NA;3,04;1,94;NA;NA;2,26;NA;NA;1,18;2,35;0,64;2,13;0,34;0,55;0,61;1,33;1,76;1,99;0,94;1,68;1,73;0,73;2,29;1,1;0,72;0,5;1,18;0,61;1,24;2,51;0,98;0,62;0,46;1,01;0,88;NA;0,46;1,44
"186";"1856";0,84;0,83;1,19;0,46;0,71;1;1,16;1,2;1,23;0,55;0,93;1,69;1,14;1,11;NA;NA;3,34;2,22;1,33;NA;3,1;1,29;1,16;0,84;0,75;0,74;2,56;NA;1,57;NA;2,08;2,48;NA;3,22;0,71;3,31;NA;NA;2,44;2,26;NA;NA;2,63;NA;NA;1,38;2,02;0,42;2,87;0,42;0,21;0,56;1,12;1,33;1,96;1,12;3,04;1,56;0,5;1,92;1,5;0,65;0,43;1,02;0,45;1,53;2,51;0,84;0,68;0,62;0,81;0,7;NA;0,54;1,14
"187";"1857";0,76;1,09;1,55;0,41;0,91;1,14;1,25;1,15;1,3;0,65;1,06;1,98;1,14;1,21;NA;NA;3,31;3,06;1,27;NA;2,97;1,23;1,2;1,13;0,78;1,05;2,87;NA;1,66;NA;1,7;1,85;NA;3,36;0,87;2,32;3,48;NA;2,12;1,73;NA;NA;1,83;NA;NA;1,61;1,7;0,61;2,8;0,38;0,31;0,53;1,27;1,57;2,11;0,91;2,52;1,72;0,62;2,13;2,48;0,8;0,39;1,4;0,46;2,28;2,27;1,1;0,98;0,45;1,07;0,72;NA;0,76;1,27
"188";"1858";0,87;1,08;1,41;0,45;1;1,04;1,09;1,28;1,34;0,65;0,9;2,16;1,15;1,13;NA;NA;3,8;2,9;1,41;NA;3,42;1,56;1,71;0,73;1,16;1,38;3,23;NA;1,93;NA;1,73;1,55;NA;3,07;0,82;1,84;3,08;NA;1,21;2,15;NA;NA;2,15;NA;NA;1,74;1,63;0,66;1,62;0,55;0,32;0,87;1,54;1,79;1,34;1,35;2,27;1,91;1,02;2,56;2,95;0,96;0,32;0,93;0,35;1,38;2,22;1,54;0,96;0,54;1,06;0,82;NA;0,57;1,55
"189";"1859";0,66;1,2;1,26;0,37;1,09;1,13;0,95;1,4;1,19;0,6;0,75;1,91;1,15;1,24;NA;NA;3,83;2,43;1,73;NA;3,22;1,93;2,01;1,01;1,89;1,54;3,16;NA;2,18;NA;1,59;0,95;NA;3,18;0,64;1,78;2,49;NA;1,49;2,2;1,17;NA;2,12;NA;NA;1,9;1,96;0,64;1,96;0,69;0,24;0,69;1,05;1,42;1,06;1,14;1,22;2,04;1,33;2,36;2,23;0,9;0,5;1,1;0,27;1,59;2,93;1,27;1,13;0,44;1,19;0,93;NA;0,64;1,37
"190";"1860";0,51;1,03;1,11;0,45;1,13;0,82;0,84;1,19;1,19;0,82;0,79;1,87;0,91;1,15;NA;NA;3,29;2,26;1,52;NA;2,24;1,42;1,54;0,89;1,48;1,54;2,32;NA;1,88;NA;2,65;1,27;NA;2,29;0,54;2,16;2,2;NA;1,5;2,62;1,51;NA;2,2;NA;NA;1,65;1,78;0,57;2,33;0,65;0,29;0,77;1,19;1,71;0,91;1,12;1,25;2,09;1,16;2,6;2,17;0,73;0,57;1,04;0,21;1,28;3,14;0,95;0,85;0,41;1,07;0,88;NA;0,6;1,38
"191";"1861";0,57;1,3;1,26;0,56;0,91;0,86;0,82;1,51;1,14;0,76;0,38;1,61;1,02;1,23;NA;NA;3,6;2,27;1,33;NA;2,02;0,98;1,61;1;1,08;1,79;2,48;NA;1,84;NA;2,67;1,3;NA;1,65;0,36;1,59;1,71;NA;1,49;2,57;1,33;3,15;2,14;NA;NA;1,66;1,67;0,63;2,28;0,65;0,31;0,85;1,44;2,06;1,19;1,23;1,56;2,1;1,43;2,8;1,77;1,08;0,97;1,41;0,26;1,71;2,44;1,3;1,11;0,44;1,09;0,91;NA;0,64;1,34
"192";"1862";0,69;0,87;1,16;0,7;0,74;1,01;1,02;1,51;1,17;0,79;0,33;1,41;1;2,26;NA;NA;3,29;1,78;1,07;NA;1,57;1,05;1;0,94;1,1;1,37;1,8;NA;1,85;NA;2,53;0,77;NA;0,88;0,61;0,95;0,96;NA;0,93;1,28;0,98;3,05;1,61;NA;NA;1,38;1,78;0,46;2,67;0,54;0,17;0,81;1,27;2,08;1,19;1,32;1,33;1,88;1,18;2,79;2,45;1,29;1,23;1,64;0,84;1,86;2,21;1,91;1,18;0,61;1,36;1,05;NA;0,59;1,31
"193";"1863";0,98;1,19;1,66;0,98;1,01;1,2;0,97;1,96;0,96;0,8;0,41;1,63;1,03;2,96;NA;NA;3,16;1,86;1,11;NA;1,63;0,92;0,98;1,35;1;1,29;1,96;NA;1,99;NA;2,74;0,9;NA;0,61;0,86;0,47;0,71;NA;0,81;1,1;1,44;2,64;1,34;NA;NA;1,26;1,7;0,58;4,04;0,52;0,21;0,55;0,85;2,06;1,2;0,83;1,55;1,79;0,85;5,49;2,43;1,27;1,29;1,52;1,48;1,6;1,75;1,57;1,56;0,54;1,58;1,25;NA;0,62;1,48
"194";"1864";0,98;1,48;1,69;0,77;1,29;0,99;0,83;1,82;1,46;0,71;0,43;1,6;0,85;2,25;NA;NA;3,42;1,43;1,26;NA;1,41;0,99;1,16;1,08;1,13;1,42;1,74;NA;1,65;NA;1,82;0,67;2,54;0,42;0,66;0,18;0,67;0,75;0,91;1,1;1,04;1,58;1,03;NA;2,48;0,91;1,42;0,67;3,98;0,31;0,26;0,58;0,77;1,73;0,78;0,68;1,17;1,97;0,57;3,97;1,99;1,02;0,77;1,19;1,06;1,7;1,27;1,16;1,17;0,48;1,37;0,93;NA;0,57;0,98
"195";"1865";1,22;1,39;1,33;0,56;1,16;0,8;0,74;1,69;1,45;0,82;0,35;1,52;1,1;2,14;NA;NA;3,28;1,78;1,49;NA;1,82;1,05;1,38;0,74;0,95;1,63;2,16;NA;1,7;NA;1,1;1,07;2,63;0,88;0,47;0,16;0,73;0,97;1,19;2,42;0,94;2,03;1,32;NA;1,88;1,03;1,77;0,76;4,07;0,63;0,34;0,67;0,83;1,47;0,72;1,08;1,47;2,01;0,59;2,92;1,56;0,86;0,29;0,73;1,13;1,77;1,52;1,05;1,06;0,56;0,85;0,66;NA;0,55;1,28
"196";"1866";0,61;1,21;1;0,68;1;0,75;0,81;1,47;1,09;0,88;0,46;1,17;1,35;1,85;NA;NA;2,58;2,35;1;NA;1,68;0,81;1,15;0,58;0,9;1,41;2,36;NA;1,65;NA;1,64;1,25;2,55;1,64;0,83;0,38;1,38;1,02;1,29;3,64;1,42;2,86;1,69;2,69;2,72;0,96;1,31;0,53;2,28;0,58;0,29;0,68;1,06;1,22;0,65;0,82;1,47;1,39;0,54;2,35;1,3;0,86;0,22;0,95;0,92;1,64;2,04;0,87;0,67;0,67;0,81;0,49;NA;0,54;1,41
"197";"1867";0,46;0,94;0,87;0,47;0,69;0,62;0,61;1,33;1,12;0,76;0,47;0,92;0,94;1,92;NA;NA;2,86;2,75;0,94;NA;1,51;0,67;0,99;0,61;0,79;1,14;1,83;NA;1,27;NA;2,35;1,64;2,76;1,87;0,63;0,56;1,48;1,62;1,26;3,74;1,21;3,74;2,41;1,88;3,72;0,96;1,53;0,49;1,67;0,52;0,25;0,66;1,22;1,14;0,81;0,85;1,91;1,35;0,64;1,59;0,98;0,61;0,24;1,02;0,51;1,56;2,29;0,81;0,64;0,52;0,94;0,63;NA;0,63;1,15
"198";"1868";0,38;1,43;0,86;0,61;0,93;0,71;0,71;1,55;1,57;0,93;0,33;1,05;1,23;2,42;NA;NA;4,33;2,51;1,52;NA;1,44;0,91;1,33;1,14;1,46;1,69;2,84;NA;2,08;NA;2,62;1,62;2,22;1,91;0,86;1,22;1,2;1,8;0;4,18;1,13;2,64;2,66;1,44;3,5;0,88;1,71;0,68;1,27;0,49;0,16;0,65;1,23;1,41;0,85;0,85;1,65;1,5;0,38;2,33;1,25;1,06;0,63;1,34;0,61;2;3,21;1,64;0,94;0,35;1,28;0,72;NA;0,94;1,68
"199";"1869";0,25;1,12;0,57;0,43;0,93;0,53;0,54;1,06;1,18;0,62;0,26;0,47;1,01;1,96;NA;NA;3,72;2,78;1,25;NA;1,55;0,87;1,49;1,05;1,27;1,4;3,07;NA;2,07;NA;2,94;1,55;2,53;2,15;0,89;1,31;1,32;2,14;1,61;4,33;1,27;2,52;2,78;1,86;2,43;1,05;1,33;0,61;1,22;0,64;0,27;0,72;1,11;1,12;0,88;1,02;2,15;1,17;0,49;1,79;0,96;0,99;0,54;1,14;0,74;1,71;3,3;0,7;1;0,43;0,79;0,49;NA;0,78;1,69
"200";"1870";0,23;0,99;0,54;0,5;1,1;0,66;0,47;0,99;1,41;0,55;0,27;0,78;1,21;1,88;NA;NA;3,27;3,17;1,2;NA;1,62;0,88;1,57;1,07;1,01;1,32;3,45;NA;2,3;NA;1,8;1,39;1,91;1,18;0,69;0,7;1,04;1,45;1,17;3,69;0,89;1,8;1,51;2,02;2,07;1,45;1,78;0,57;1,6;0,77;0,28;0,98;1,15;1,2;1,42;1,25;2,62;1,92;0,92;1,71;1,18;0,7;0,63;0,84;0,7;1,28;3,15;0,71;1,22;0,54;0,87;0,43;NA;0,78;2,09
"201";"1871";0,18;0,94;0,46;0,44;1,11;0,51;0,47;1,15;1,28;0,5;0,23;0,75;1,31;2,17;NA;1,96;3,68;3,01;0,96;NA;1,31;0,66;1,24;1,01;0,85;1,43;2,65;NA;1,98;NA;1,57;1,8;2,47;2,15;1,22;1,23;2;2,01;2,24;4,79;0,95;1,99;1,82;3,4;2,96;1,24;1,18;0,45;1,33;0,55;0,22;0,84;1,08;1,09;0,74;1,24;2,56;1,35;0,94;1,62;1,19;0,95;0,5;0,73;1,08;1,11;3,47;0,8;0,85;0,63;1,02;0,64;NA;0,76;2,16
"202";"1872";0,18;1,18;0,69;0,77;1,08;0,49;0,55;1,17;1,19;0,66;0,3;0,75;1,37;1,96;NA;2,51;3,49;3,41;1,14;NA;1,22;0,5;1,47;0,97;0,85;1,29;3,08;NA;1,79;NA;1,82;2,03;1,89;2,43;1,78;1,85;2,26;3,56;2,56;4,2;1,58;1,61;2,21;2,85;3,27;1,86;1,76;0,72;1,29;0,57;0,32;0,87;1,44;1,35;1,52;1,39;4,06;1,66;0,93;1,74;1,57;1,06;0,59;1,05;1,14;1,42;3,19;0,77;0,95;0,63;0,92;0,74;NA;0,89;2,24
"203";"1873";0,21;0,95;0,57;0,76;1,09;0,51;0,46;1,26;1,42;0,61;0,32;0,48;1,21;1,73;NA;2,15;3,06;2,69;1,23;NA;1,62;0,59;1,26;0,67;0,84;1,12;2,89;NA;1,97;NA;1,57;1,7;1,22;1,42;1,78;1,1;1,85;2,81;2,31;3,53;1,12;1,22;2,3;2,21;2,05;1,64;1,58;0,93;1,47;0,49;0,31;0,79;1,14;1,59;1,61;1,35;2,84;1,53;0,91;1,61;1,6;0,98;0,54;1,32;1,17;1,02;2,68;0,63;0,69;0,59;0,89;0,61;NA;0,85;1,79
"204";"1874";0;1,37;0,85;1,26;1,08;0,55;0,46;1,54;2,01;0,86;0,24;0,57;1,37;1,98;NA;2,49;3,61;2,43;1,41;NA;1,34;0,5;1,56;1,33;1,3;1,26;2,62;NA;1,86;NA;1,65;1,25;1,58;1,29;1,23;1,28;1,72;4,18;2,78;3,55;1,19;1,44;2,61;1,95;2,1;1,8;2,11;1,15;2,94;0,59;0,27;0,76;1,78;2,04;2,64;1,69;3,22;1,56;0,88;5,23;1,47;1,22;0,93;2,17;1,27;1,1;2,94;1,02;0,74;0,54;1,07;0,75;NA;0,75;1,69
"205";"1875";0;1,26;0,75;1,29;1,26;0,48;0,47;1,59;1,83;1;0,3;0,77;1,2;2,64;NA;2,3;2,98;1,89;1,27;NA;0,84;0,63;1,12;1,4;1,42;1,14;2,38;NA;1,6;NA;2,06;1,1;1,62;1,04;1,02;1,03;1,6;3,37;2,28;3,06;1,2;1,14;1,96;1,52;2,38;1,19;2;1,06;3,82;0,71;0,35;0,93;1,41;1,85;2,64;1,88;2,74;1,47;0,84;6,54;1,86;1,14;1,39;2,05;1,23;1,17;2,7;1,61;0,69;0,54;0,93;0,68;NA;0,81;2,46
"206";"1876";0;1,2;0,67;1,23;1,33;0,44;0,58;1,61;1,52;0,83;0,38;0,65;0,83;2,07;NA;1,63;3,13;1,52;0,99;NA;0,91;0,73;0,9;1,21;1,34;1,26;1,96;NA;1,44;NA;2;1,55;1,53;1,16;1,22;0,91;1,18;2,88;2,03;2,82;1;1,1;1,61;1,01;2,23;0,91;1,36;0,69;2,24;0,54;0;0,66;1,08;1,33;2,14;1,44;2,48;1,03;0,7;3,1;1,28;0,92;0,67;1,25;1,06;1,09;1,63;0,95;0,49;0,4;0,73;0,67;NA;0,66;1,58
"207";"1877";0;0,55;0,49;1,01;0,92;0,35;0,39;1,36;1,16;0,63;0,4;0,5;0,36;2,03;NA;2,13;2,86;1,46;0,92;NA;1,02;0,58;0,66;0,89;0,72;0,97;1,68;2,04;1,16;NA;2,05;1,46;1,67;1,32;1,15;0,67;0,88;2,99;2,2;3,02;0,63;1,39;1,86;1,41;2,3;0,62;1,41;0,41;1,12;0,43;0;0,54;0,9;0,98;1,21;1,05;1,81;0,95;0,66;1,93;1,53;0,75;0,4;0,99;0,66;0,94;1,53;0,68;0,39;0,37;0,6;0,54;NA;0,69;1,41
"208";"1878";0;0,92;0,66;1,22;0,79;0,65;0,8;1,64;1,46;0,78;0,53;0,63;0,6;2,44;NA;1,91;2,46;1,22;1,19;NA;0,9;0,58;0,69;0,61;0,89;0,76;1,58;1,26;1,19;NA;2,01;1,6;1,91;1,33;1,25;0,62;1,01;3,73;2,4;2,86;0,86;2,34;2,14;1,49;2,07;0,97;1,55;0,34;0,94;0,52;0;0,81;1,02;1;1,34;1,16;2,33;1,25;0,84;1,82;1,39;0,91;0,61;1,19;0,79;1,11;1,69;1,5;0,73;0,37;1,14;0,84;1,04;0,97;2,13
"209";"1879";0;0,64;0,44;0,77;0,74;0,42;0,45;1,22;1,22;0,45;0,51;0,48;0,41;2,08;NA;1,96;2,13;1,1;0,89;NA;0,81;0,6;0,65;0,43;0,9;0,85;1,49;1,42;1,37;NA;1,98;1,65;1,59;1,46;1,36;0,89;1,4;3,53;2,72;2,92;1,11;1,79;2,54;2,36;2,05;0,66;1,18;0,39;0,66;0,4;0;0,67;0,91;0,96;0,9;0,85;1,64;1,05;0,74;1,08;0;0,69;0,36;0,54;0,68;0,78;1,26;1,02;0,61;0,25;0,8;0,74;1,14;0,38;1,92
"210";"1880";0;1,1;0,59;0,9;0,91;0,38;0,68;1,69;1,34;0,54;0;0,6;0,8;3,4;NA;3,66;2,2;2,21;1,18;NA;1,45;1,31;0,86;1,06;1,22;1,71;2,22;2,67;2,05;NA;1,29;1,3;1,88;1,8;1,59;0,98;1,96;4,23;2,41;2,63;1,29;1,74;2,16;1,71;1,73;0,91;1,59;0,36;0,95;0,55;0;0,7;1,04;1,37;1,55;0,85;2,61;1,64;1,08;1,44;2,61;0,8;0,79;0,78;0,76;0,77;2,24;1,64;1,13;0,49;0,9;1,02;1,8;0,75;2,23
"211";"1881";0;0,77;0,56;0,72;0,89;0,25;0,3;0,93;0,91;0,46;0;0,46;0,57;2,61;NA;2,34;2,13;1,79;1,04;NA;0,98;0,9;0,56;0,83;1,07;1,32;1,67;1,63;1,3;NA;1,87;1,25;1,89;1,26;1,39;0,88;1,56;4,48;3,1;2,92;1,31;2,1;2,6;1,4;2,33;0,72;1,15;0,42;0,36;0,28;0;0,85;0,75;0,76;0,98;0,45;1,47;0,97;0,83;1,23;1,92;0,65;0,4;0,56;0,6;0,85;2,12;1,14;0,62;0,44;0,64;0,41;1,37;0,36;1,43
"212";"1882";0;0,77;0,62;0,89;0,78;0,27;0,45;0,83;1,15;0,55;0;0,53;0,74;2,93;NA;2,9;3,12;1,9;1,09;NA;1,02;0,85;0,77;1,08;0,97;1,66;2,11;2,48;1,48;NA;2,78;1,88;2,31;1,75;1,46;1,06;2,31;4,91;3,27;3,59;1,33;2,66;3,21;1,7;3,35;1,2;1,54;0,48;0,46;0,41;0;0,81;0,86;0,91;1,94;0,7;2,32;1,49;0,91;1,77;2,78;0,8;0,71;0,9;0,82;1,35;2,47;1,24;1,25;0,74;1,13;1;1,34;0,58;1,56
"213";"1883";0;0,74;0,49;0,62;0,81;0,1;0,31;0,71;1,23;0,45;0;0,52;0,56;2,35;NA;2,7;2,59;1,66;0,95;NA;0,98;0,76;0,75;0,9;0,85;1,35;2,06;1,99;1,7;NA;1,78;2,01;1,78;1,42;1,05;0,67;2,3;4,04;2,09;2,97;1,21;1,67;2,7;1,16;1,83;0,79;1,3;0,44;0,69;0,38;0;0,74;0,86;0,75;1,62;0,76;1,72;1,37;0,86;1,81;2,4;0,58;0,99;0,73;0,99;1,22;1,96;0,87;0,9;0,52;0,82;0,96;1,06;0,51;1,48
"214";"1884";0;0,84;0,59;0,57;0,75;0,18;0,47;0,67;1,65;0,32;0;0,57;0,72;2,59;NA;2,71;3,39;2,2;1,38;NA;1,05;1,67;0,97;0,88;1,06;2,18;2,84;2,22;1,92;NA;2,33;2,07;2,19;0,94;1,22;1,05;0;4,66;2,2;3,18;1,81;2,8;3,21;1,62;2,33;0,92;1,64;0,66;0,72;0,5;0;0,89;0,9;0,91;1,94;1,05;1,79;1,42;1,08;2,78;2,08;0,83;0,83;0,86;0,98;1,62;1,83;0,68;1,21;0,54;0,94;0,98;1,29;0,66;1,68
"215";"1885";0;0,84;0,42;0,48;0,71;0,18;0,38;0,72;1,57;0,26;0;0,48;0,8;1,7;NA;2,55;2,43;2,08;1,03;1,98;0,81;1,23;0,89;0,93;0,81;1,6;2,17;1,82;1,95;NA;2,39;1,59;2,01;0,28;1,28;1,47;0,69;3,57;2,54;2,34;1,79;2,5;3,3;1,35;2,57;0,8;1,33;0,67;0,94;0,4;0;0,83;0,72;0,66;1,76;0,67;1,58;1,05;0,85;2,28;1,69;0,71;0,58;0,62;0,61;1,7;1,71;0,44;0,75;0,52;0,72;0,84;1,17;0,54;1,38
"216";"1886";0;0,65;0,52;0,36;0,78;0,2;0,35;0,88;1,53;0,24;0;0,55;0,92;1,86;NA;2,58;2,51;2,11;0,88;1,44;0,84;0,92;0,79;0,77;0,74;1,08;1,52;1,54;1,27;NA;1,64;1,52;2,22;0,29;1,04;1,43;0,4;3,61;2,19;1,72;1,07;2,45;2,8;1,41;1,89;0,86;1,11;0,4;0,85;0,35;0;0,73;0,6;0,37;1,78;0,7;1,65;0,84;0,66;1,79;2,15;0,77;0,38;0,83;0,55;1,79;1,43;0,61;1,03;0,61;0,78;0,96;1,38;0,54;1,04
"217";"1887";0;0,84;0,67;0,44;0,7;0,26;0,51;0,96;1,3;0,35;0;0,6;1,35;2,27;NA;1,82;2,47;1,88;0,99;1,83;0,88;0,96;0,89;1,08;0,94;1,08;1,19;1,54;1,25;NA;1,29;1,58;1,68;0,47;1,48;1,25;0,52;2,66;1,44;1,58;1,24;1,8;2,15;1,57;1,47;1,13;1,24;0,65;0,79;0,35;0;0,7;0,72;0,73;2,01;0,88;2,1;0,83;0,84;1,31;1,86;1,09;0,4;0,75;0,61;2,17;1,5;1;0,8;0,66;0,94;1,3;1,21;0,45;1,26
"218";"1888";0;0,66;0,76;0,3;0,78;0,24;0,35;0,89;1,38;0,41;0;0,57;1,7;2,17;NA;1,9;2,19;1,98;0,65;2,27;0,9;0,79;1,01;0,95;1,06;1,1;1,14;1,21;0,85;NA;1,65;1,34;1,95;0,59;1,15;1,61;0,64;3;2,66;2,19;1,3;2,15;2,76;1,88;2,12;1,1;1,2;0,62;0,84;0,32;0;0,67;0,72;0,72;1,77;0,72;1,68;0,85;1,03;1,08;1,58;1,16;0,56;0,67;0,59;1,58;1,59;0,9;0,66;0,6;0,93;1,15;0,92;0,39;1,35
"219";"1889";0;0,61;0,82;0,53;0,83;0,2;0,42;0,82;0,94;0,37;0;0,62;1,47;2,43;NA;1,71;2,04;1,6;0,92;1,62;0,87;0,8;0,81;1;0,73;0,96;1,02;1,39;0,9;NA;1,93;1,16;2,06;1,15;1,31;1,66;0,58;3,43;2,47;2,04;1,41;1,8;3;1,57;2,83;0,98;1,08;0,56;0,93;0,27;0;0,61;0,6;0,57;1,97;0,81;1,62;0,87;0,85;0,99;1,26;1,27;0,72;0,74;0,5;2,26;1,56;0,76;0,65;0,44;0,73;1,19;1,04;0,43;1,12
"220";"1890";0;0,51;0,44;0,42;0,82;0,24;0,31;1,03;1,33;0,34;0;0,73;1,94;2,69;NA;2,08;2,17;1,65;0,98;2;0,78;0,91;0,87;0,79;0,82;1,28;1,28;1,31;1,24;NA;2,44;1,36;1,85;0,87;1,65;1,92;0,5;3,66;2,1;2,44;1,72;1,99;3,46;2,12;2,7;1,04;1,45;0,58;1,16;0,3;0;0,76;0,59;0,69;1,99;0,95;1,4;1,27;0,91;1,79;0,95;1,19;0,6;0,92;0,48;2,58;1,87;0,91;0,78;0,36;0,93;1,15;0,95;0,41;0,99
"221";"1891";0;0,59;0,49;0,52;0,62;0,39;0,28;0,87;1,07;0,43;0;0,71;1,84;2,29;NA;2,24;2,48;1,7;0,86;1,5;0,68;1,04;0,61;0,7;0,68;1,12;1,26;1,12;1,34;NA;2,39;1,29;1,41;1,22;1,57;1,77;0,51;3,3;2,51;2,59;1,59;2,12;2,93;2,06;2,42;1;1,4;0,4;1,84;0,41;0;0,68;0,63;0,67;1,36;1;1,36;1,15;0,62;1,7;0,66;0,9;0,49;0,92;0,66;3,03;1,24;0,84;0,96;0,36;0,92;0,99;0,92;0,4;0,78
"222";"1892";0;0,53;0,28;0,24;0,49;0,29;0,22;0,79;0,9;0,44;0;0,56;1,5;1,7;NA;1,95;2,09;1,93;1,07;0,97;0,74;1,26;0,73;0,76;0,62;1,29;1,84;1,11;1,54;NA;1,77;1,47;2,22;1,58;1,58;1,79;0,64;5,23;2,5;2,26;2,2;2,72;3,1;2,31;1,72;0,95;1,51;0,55;1,82;0,46;0;0,61;0,74;0,96;1,12;1,17;1,67;1,1;0,58;1,88;0,76;0,92;0,43;0,93;0,65;3,17;1,39;0,98;1,37;0,33;0,75;0,99;0,87;0,39;0,96
"223";"1893";0,29;0,71;0,52;0,29;0,55;0,4;0,23;0,99;0,99;0,49;0;0,8;2,62;1,79;NA;2,48;2,38;2,26;0,96;1,25;0,99;2,21;0,9;1,36;1,04;1,76;1,55;2,22;2,11;NA;1,78;1,55;2,44;1,13;1,26;1,86;0,51;4,71;2,92;2,38;2,23;3,01;3,34;1,69;1,94;0,78;1,72;0,61;1,6;0,56;0;0,89;0,92;0,84;1,65;1,32;2,1;1,08;0,79;2,11;1,35;1,53;0,42;1,38;0,93;3,85;1,99;0,89;1,56;0,31;1,05;1,23;1,17;0,46;1,33
"224";"1894";0,32;0,76;0,6;0,36;0,52;0,44;0,3;0,96;1,17;0,54;0;0,62;2,25;1,78;NA;1,53;1,72;1,93;0,8;1,27;0,63;1,08;0,84;0,86;1,07;1,33;1,47;2;1,88;NA;2,1;1,7;2,1;1,09;1,32;1,74;0,75;3,35;2,94;2,88;1,35;2,18;2,58;1,6;2,18;0,75;1,65;0,61;1,7;0,51;0;0,93;0,93;0,79;1,71;1,08;2,02;1,04;0,83;2,03;1,72;1,38;0,37;1;1,19;3,97;2,03;0,83;1,02;0,52;0,95;0,83;0,87;0,49;1,18
"225";"1895";0,51;0,37;0,61;0,28;0,59;0,53;0,22;0,59;0,87;0,44;0;0,59;1,48;1,26;NA;1,73;1,25;1,8;1,03;1;0,56;1,13;0,64;0,63;0,8;0,73;1,48;1,4;1,32;NA;2,02;1,86;2,59;1;1,16;1,3;1,03;3,98;3,3;2,87;1,9;2,64;1,98;1,44;2,6;0,64;1,58;0,66;1,53;0,57;0;0,73;0,91;0,65;1,19;1,01;1,88;0,8;0,61;1,52;1,17;1,12;0,37;0,8;1,28;2,13;1,48;0,99;0,56;0,36;0,69;0,8;0,95;0,35;0,88
"226";"1896";0,58;0,57;0,6;0,54;0,7;0,57;0,38;0,78;1,24;0,58;0;0,56;1,57;1,48;NA;1,67;1,37;1,52;1,07;1,38;0,58;0,94;0,74;0,53;0,77;0,97;1,38;1,25;1,21;NA;2,06;1,76;2,64;1,08;0,98;1,37;0,99;4,38;2,93;3,03;1,54;2,2;2,4;1,89;2,78;0,65;1,9;0,58;1,02;0,54;0;0,76;1,01;0,63;1,4;1,18;2;1,05;0,92;1,67;1,33;1,01;0,56;0,67;1,28;2,14;1,74;1,08;0,59;0,59;0,86;0,88;1,09;0,42;0,93
"227";"1897";0,81;0,89;0,73;0,47;0,78;0,63;0,3;0,9;1,44;0,72;0;0,46;2,1;1,72;NA;1,86;1,51;1,44;1,05;2,01;0,45;0,69;0,59;0,64;0,72;0,95;1,65;1,51;1,07;NA;2,12;1,56;3,23;0,97;1,8;2,02;1,05;3,2;2,48;3,29;1,67;1,93;2,52;2,21;2,95;0,73;1,59;0,53;0,99;0,64;0;0,64;1,09;0,63;1,06;1,02;2,33;1,1;0,94;1,13;1,42;0,89;0,8;0,6;1,22;1,59;2,26;1,23;0,55;0,47;1,09;0,91;0,91;0,54;1,29
"228";"1898";0,69;0,81;0,71;0,44;0,81;0,6;0,36;0,88;1,37;0,49;0;0,51;1,94;2,15;NA;1,86;1,23;2,04;1,16;1,52;0,69;0,88;0,69;0,9;1;1,1;1,75;2,59;1,41;NA;1,74;1,43;2,16;0,86;1,41;1,74;1,03;3,38;2;2,65;1,33;1,66;1,55;1,47;2,11;0,62;1,68;0,65;0,73;0,6;0;0,62;0,79;0,72;1,67;1,18;2,1;0,97;0,87;1,46;1,65;1,12;0,72;0,74;0,8;1,27;3,59;1,18;0,69;0,35;0,89;0,85;0,69;0,5;1,77
"229";"1899";0,65;0,74;0,38;0,58;0,76;0,65;0,34;1,08;1,42;0,59;0;0,43;1,44;2;NA;1,65;1,38;1,89;1,12;1,74;0,66;1,13;0,66;0,9;0,8;0,61;2,16;1,83;1,54;NA;0,84;1,27;2,18;0,67;0,97;1,42;0,94;3,12;1,88;1,93;1,13;1,78;0,96;1,35;1,33;0,37;1,24;0,61;0,34;0,73;0;0,57;0,45;0,51;1,22;0,8;1,85;0,77;0,75;0,92;1,25;1,24;0,43;0,71;0,5;1,07;2,84;0,73;0,8;0,26;0,73;0,71;0,65;0,48;1,83
"230";"1900";0,97;0,68;0,41;0,5;0,76;0,8;0,29;1,25;1,25;0,76;0,27;0,5;2,19;1,7;NA;1,7;1,63;1,76;0,87;1,66;0,57;0,73;0,68;0,94;0,75;0,73;1,81;1,27;1,39;NA;0,94;1,36;1,96;0,98;1,35;1,64;1,28;3,62;2,64;3,14;1,68;2,19;1,75;2,27;2,21;0,56;1,44;0,55;0,59;0,79;0;0,65;0,74;0,66;1,07;0,85;1,73;0,75;0,84;0,97;0,77;1,03;0,71;0,51;0,34;0,97;2,5;0,76;0,63;0,29;0,84;0,76;0,53;0,31;1,51
"231";"1901";0,83;0,81;0,48;0,58;1,07;1,01;0,38;1,21;1,39;0,62;0,48;0,57;1,88;1,4;NA;1,69;1,87;1,67;1,08;1,46;0,75;0,91;0,51;0,76;0,73;0,85;2,23;1,19;1,52;NA;1,8;1,63;2,15;1,33;2,39;1,76;1,74;3,2;2,63;3,14;1,48;1,83;2,12;2,84;2,82;0,42;1,12;0,47;0,57;0,8;0;0,59;0,62;0,51;1,49;0,98;1,65;0,81;0,64;0,8;0,94;1,36;0,89;0,68;0,5;1,17;2,69;1,13;0,65;0,35;0,66;0,87;0,68;0,41;1,27
"232";"1902";0,71;0,76;0,49;0,58;0,78;0,82;0,34;0,7;1,28;0,63;0,41;0,41;1,2;1,31;NA;1,21;1,21;1,61;0,71;1,13;0,58;0,76;0,45;0,51;0,57;0;1,41;0,84;1,15;NA;1,57;1,18;2,23;1,31;2,13;1,84;1,8;3,37;2,8;3,15;1,82;2,3;1,71;2,64;2,51;0,45;1;0,48;0,5;0,75;0;0,54;0,6;0,46;0,86;0,87;1,51;0,64;0,62;0,67;0,9;1,13;0,63;0,45;0,58;1,11;1,76;0,87;0,53;0,39;1,03;0,73;0,49;0,24;1,04
"233";"1903";1,11;0,87;0,84;0,5;0,7;0,9;0,34;0,86;1,43;0,5;0,38;0,44;1,15;1,76;NA;1,31;1,76;1,55;0,85;0;0,56;0,75;0,52;0,75;0,65;0;1,51;1,55;1,17;NA;2,05;1,89;2,37;2,37;2,06;3,07;2,08;3,67;2,41;2,7;2,59;3,13;2,13;2,19;2,1;0,78;1,11;0,67;0,95;0,8;0;0,44;0,98;0,56;2,03;0,97;1,58;0,76;0,6;0,9;1,11;1,42;0,81;0,69;0,77;1,43;1,85;1,23;0,79;0,52;1,17;0,77;0,36;0,44;1,34
"234";"1904";1,65;1,04;0,97;0,46;0,93;0,91;0,3;1,06;1,9;0,73;0,42;0,55;1,63;2,09;NA;1,78;2,01;1,92;1,21;1,63;0,54;1,06;0,61;0,9;0,81;0;1,52;1,89;1,44;NA;2,28;1,49;2,31;2,1;2,06;2,44;2,33;3,85;1,37;2,35;2,24;2,96;2,59;1,98;2,38;0,96;1,35;0,86;1,14;1,35;0;0,59;0,96;0,57;1,72;1,15;1,51;0,8;0,79;1;1,39;1,37;0,92;0,69;0,88;1,59;1,98;1,33;0,89;0,71;1,33;1,1;0,72;0,47;1,25
"235";"1905";1,47;1,3;1,01;0,67;1,04;0,98;0,39;0,93;1,67;0,74;0,49;0,64;1,48;2,21;NA;1,71;1,86;1,85;0,96;1,31;0,65;0,86;0,68;0,75;0,69;0;1,53;1,35;1,16;NA;3,04;1,51;1,62;2,42;2,2;2,02;1,9;3,05;1,95;2,69;2,14;2,68;2,84;2,08;2,54;0,69;1,29;1,14;0,98;0,99;0;0,61;0,7;0,44;1,48;1,11;1,33;0,81;0,85;0,8;1,25;1,39;0,87;0,85;0,76;2,16;1,82;1,04;0,84;0,83;1,18;0,95;0,74;0,36;1,19
"236";"1906";1,05;0,68;0,52;0,37;0,79;0,78;0,25;0,88;1,35;0,56;0,35;0,46;0,95;1,45;NA;2,03;1,85;2,02;0,9;1,73;0,58;0,56;0,73;0,54;0,64;0;1,46;0,96;1,1;4,58;1,84;1,27;2;2,71;2,75;1,83;1,68;3,61;2,35;2,24;1,98;2,96;1,84;2,08;2,25;0,64;1,34;1,12;1,07;0,78;0;0,57;0,82;0,49;1,82;1,03;0,85;0,63;0,97;1,05;1,16;0,83;0,67;0,62;0,52;2,08;1,68;0,88;0,59;0,69;0,9;0,84;0,64;0,26;1,05
"237";"1907";1,01;0,61;0,34;0,46;0,61;0,81;0,32;1,09;1,3;0,57;0,41;0,39;0,95;1,52;NA;1,22;1,39;1,13;0,78;1,71;0,45;0,8;0,47;0,36;0,57;0;0,85;0,75;1,23;3,32;1,43;1,02;2,42;1,67;2,11;1,51;1,42;3,29;2,3;2,49;1,51;2,21;1,44;1,32;1,88;0,48;1,18;0,86;0,58;0,51;0;0,47;0,59;0,39;1,12;0,63;0,73;0,58;0,64;0,75;1;0,62;0,41;0,29;0,31;1,49;1,43;0,8;0,59;0,9;0,79;0,6;0,5;NA;0,72
"238";"1908";0,85;0,77;0,43;0,49;0,74;0,91;0,32;0,84;0,89;0,47;0,29;0,32;1,09;1,21;NA;1,67;1,63;1,63;0,63;1,93;0,59;0,89;0,41;0,43;0,66;0;1,12;0,97;1,26;3,18;1,42;1,06;1,67;1,08;1,92;1,51;1,55;2,43;1,78;1,8;1,65;1,68;1,38;1,51;1,43;0,36;0,98;0,62;0,63;0,67;0;0,5;0,52;0,42;1,14;0,58;0,81;0,59;0,64;0,76;0,93;0,62;0,57;0,34;0,34;1,04;1,33;0,67;0,83;0,82;0,6;0,75;0,54;NA;0,71
"239";"1909";0,7;0,81;0,28;0,61;0,75;0,92;0,45;1,06;0,92;0,64;0,47;0,31;1,01;1,07;NA;1,43;1,48;1,22;0,75;1,6;0,41;0,63;0,21;0,4;0,5;0;0,62;0,63;1,18;2,54;1,63;1,09;1,57;1,23;1,68;1,36;1,42;2,81;1,8;1,33;1,56;1,39;1,14;1,41;1,65;0,25;1,02;0,62;0,29;0,76;0;0,5;0,77;0,42;1,27;0,66;0,75;0,68;0,7;0,52;0,73;0,86;0,49;0,43;0,37;0,97;1,27;0,6;1,08;1,09;0,86;0,85;0,51;NA;0,77
"240";"1910";0,92;0,92;0,91;0,58;0,86;1;0,52;1,35;1,07;0,7;0,69;0,49;1,17;1,39;NA;2,02;1,75;1,79;1,08;1,59;0,6;0,89;0,5;0,49;0,71;0;0;0,83;1,5;3,25;1,77;1,37;2,04;1,85;2,16;1,86;1,21;3,05;1,44;1,67;2,46;2,23;1,52;1,79;2,44;0,45;0,91;0,87;0,51;1,09;0;0,52;1,2;0,7;1,72;1;1,06;1,12;0,69;1,11;0,8;0,87;0,87;0,68;0,43;1,14;1,5;0,7;1,29;1,25;1,06;1,04;0,73;NA;0,74
"241";"1911";0,92;1,33;0,95;0,84;0,85;0,97;0,67;1,15;1,21;0,67;0,65;0,54;1,21;1,67;NA;1,68;1,57;1,75;0,48;1,49;0,55;0,94;0,43;0,48;0,97;0;1,1;0,95;1,59;3,2;1,47;0,86;1,46;1,15;1,77;1,19;1,07;2,17;1,75;1,22;2,34;1,96;1,23;1,35;1,86;0,5;1,5;1,04;0,57;1,04;0,64;0,71;0,95;0,71;1,93;0,94;1,1;1,26;0,66;1,15;1,05;0,96;0,82;0,63;0,46;1,37;1,39;0,65;1,18;1,72;0,89;0,82;0,8;NA;0,82
"242";"1912";0,82;0,87;1,17;0,79;0,65;0,76;0,61;1,21;1,28;0,59;0,54;0,53;1,29;1,64;NA;1,89;1,73;1,54;0,66;1,52;0,67;0,75;0,45;0,6;1,17;0;1,23;1,18;1,61;3,36;1,22;0,75;1,2;1,46;1,54;1,51;1,5;3,22;2,52;1,1;2,13;1,34;1,13;1,94;1,65;0,51;1,48;0,74;0,22;0,79;0,65;0,86;0,91;0,47;1,79;0,8;1,18;1,11;0,63;0,89;1,6;0,7;0,64;0,6;0,7;1,02;1,47;0,91;1,01;1,18;0,95;0,58;0,89;NA;0,8
"243";"1913";0,92;0,87;1,05;0,73;0,51;0,71;0,49;1,04;1,03;0,4;0,65;0,61;1,34;1,6;NA;1,6;1,91;2,1;0,75;1,45;0,58;1,06;0,4;0,41;1,31;0;1,19;1,71;1,7;2,61;1,81;1,01;1,91;1,23;1,61;1,31;1,34;2,53;2,24;1,92;2,51;1,97;1,42;1,53;2,36;0,51;1,69;0,95;0,25;0,61;0,57;0,79;1,01;NA;1,96;0,96;1,54;1,04;0,8;0,82;1,16;0,54;0,47;0,82;0,63;1,28;1,22;0,88;0,66;0,98;0,96;0,63;1,02;NA;1,07
"244";"1914";0,82;0,53;0,73;0,8;0,94;0,82;0,58;1,12;1,17;0,49;0,64;0,51;1,59;1,72;NA;1,26;1,62;1,8;0,78;1,52;0,71;0,84;0,44;0,41;1,13;0;1,13;1,38;0,91;2,36;1,83;0,94;1,91;1,17;1,07;1,37;1,22;2,43;2,13;1,12;2,19;1,93;1,29;1,04;1,66;0,41;1,5;0,77;0,26;0,67;0,42;0,51;0,8;NA;1,8;0,67;1,1;1,24;0,84;0,72;1,53;0,89;0,42;0,87;0,47;1,43;1,69;0,86;0,53;1,26;1,09;0,54;0,69;NA;1,37
"245";"1915";0,64;0,65;0,45;0,56;1;0,91;0,51;0,88;0,86;0,43;0,55;0,36;1,15;1,24;NA;1,41;1,07;1,74;0,48;1,2;0,64;0,65;0,47;0,37;0,97;0;1,25;0,71;1,27;2,11;2,23;1,15;2,25;1,11;1,24;1,31;1,33;3,09;2,12;1,26;2;1,86;1,06;1,42;1,93;0,44;1,35;0,68;0,2;0,5;0,47;0,65;0,73;NA;1,86;0,62;1,59;1,06;0,68;1,2;1,02;1,03;0,44;0,96;0,45;1,43;1,6;0,78;0,38;0,71;0,68;0,7;0,65;NA;0,83
"246";"1916";0,52;0,74;0,55;0,4;0,88;0,83;0,66;0,89;0,76;0,48;0,85;0,12;0,9;0,99;NA;1,12;1,05;1,54;0,57;1,28;0,58;0,51;0,39;0,26;0,84;0;1,17;0,81;1,21;2,15;1,44;1,09;2,03;0,73;1,09;1,19;0,9;2,34;2,64;1,69;1,35;1,93;0,94;0,98;1,53;0,51;1,26;0,7;0,22;0,52;0,66;0,71;0,62;NA;2,2;0,66;1,47;1,07;0,78;1,09;0,83;1,06;0,39;0,76;0,51;1,25;1,25;0,9;0,33;0,67;0,94;0,88;0,81;NA;0,67
"247";"1917";0,51;0,65;0,48;0,39;1,1;0,6;0,61;0,67;0,58;0,56;0,79;0,1;1,05;0,59;NA;1,18;1,01;1,4;0,58;1,19;0,6;0,57;0,31;0,43;0,67;0;1,23;0,93;0,97;2,09;1,3;0,96;2,1;1,63;1,32;0,97;1,14;2,67;2,53;2,04;1,94;1,46;1,34;0,63;0,64;0,92;1;0,85;0,34;0,63;0,65;0,61;0,72;NA;1,79;0,57;1,69;1,24;0,78;1,39;0,72;0,84;0,23;1,02;0,54;0,93;1,64;0,61;0,41;0,56;0,67;0,72;0,63;NA;1,04
"248";"1918";0,44;0,93;0,46;0,36;0,83;0,75;0,52;1,16;1,26;0,57;0,27;0,13;1,56;0,64;NA;1,27;1,26;1,22;0,46;1,23;0,33;0,59;0,29;0,24;0,57;0;0,91;0,94;1,06;2,62;0,92;1,2;1,75;2,16;1,65;1,16;1,46;1,8;1,95;1,69;2,01;1,39;1,65;1,23;0,95;0,79;1,19;0,32;0,53;0,77;0,61;0,54;0,95;NA;2,19;1,17;1,67;1,21;0,58;1,42;1,22;1,26;0,24;1,42;0,64;1,32;2,2;0,74;0,87;0,65;0,84;0,81;0,95;NA;1,31
"249";"1919";0,46;0,86;0,74;0,41;0,92;0,71;0,5;1,24;1,25;0,52;0,68;0,21;1,75;0,78;NA;1,59;1,22;1,14;0,46;1,34;0,46;0,61;0,33;0,33;0,71;0;1,15;0,85;1,28;2,42;1,15;0,96;1,05;0,98;1,33;1,06;0,76;2,18;1,66;1,45;1,34;1,19;1,28;1,1;0,73;0,79;1,23;0,54;0,87;0,83;0,5;0,53;0,89;NA;2,04;1,02;1,79;1,5;0,74;1,29;1,22;1,48;0,33;0,89;0,74;1,26;2,58;0,66;0,7;0,48;0,8;0,86;0,74;NA;1,34
"250";"1920";0,38;0,69;0,66;0,35;0,71;0,47;0,48;0,99;0,8;0,53;0,64;0,28;1,5;0,62;NA;1,18;1,48;0,93;0,47;1,23;0,32;0,66;0,26;0,46;0,4;0;1,02;0,95;1,02;2,34;1,12;1,05;1,34;1,13;1,5;1,24;1,27;2,36;2,3;1,53;1,44;1,73;1,04;1,08;0,99;0,62;0,91;0,5;0,98;0,88;0,56;0,43;0,78;NA;1,36;1,29;1,63;1,52;0,59;1,04;1,1;1,31;0,2;0,46;0,67;1,16;2,01;0,52;0,68;0,46;0,71;0,6;0,53;NA;1,32
"251";"1921";0,4;0,68;0,64;0,37;0,87;0,37;0,48;1,05;0,78;0,52;0,52;0,28;1,1;0,75;NA;1,43;1,58;1,1;0,67;1,58;0,33;1,02;0,29;0,64;0,74;0;1,18;1,52;1,34;1,39;0,96;0,75;0,81;1,17;1,15;1,17;0,74;1,86;1,18;0,68;1,03;1,31;0,84;0,66;1,24;0,58;1,11;0,63;0,78;1,11;0,79;0,58;0,82;NA;1,73;1,47;1,84;1,97;0,52;0,87;1,64;1,52;0,16;0,64;0,66;1,52;1,92;0,71;0,81;0,42;0,79;0,68;0,55;NA;1,55
"252";"1922";0,4;0,6;0,74;0,39;0,76;0,39;0,48;0,96;0,73;0,47;0,31;0,26;1,08;0,75;NA;1,28;1,33;0,99;0,63;1,63;0,39;0,89;0,36;0,63;0,69;0;1,29;1,13;1,16;2,03;1,37;1,09;0,9;1,18;1,04;0,88;0,79;1,45;1,45;1,08;1,26;1,04;0,77;0,84;2,25;0,6;1,26;0,51;0,74;1,34;0,6;0,59;0,85;NA;1,65;1,58;1,66;1,72;0,52;1,05;0,94;1,25;0,18;0,41;0,45;1,17;1,61;0,65;0,54;0,31;0,72;0,56;0,35;NA;1,1
"253";"1923";0,62;0,91;0,96;0,44;0,75;0,48;0,65;1,22;0,97;0,39;0,52;0,42;1,09;0,77;NA;0,99;1,22;0,76;0,45;1,44;0,22;0,74;0,21;0,3;0,52;0;1,06;0,87;1,01;2,03;1,5;1,01;1,28;1,24;1,27;1,02;0,88;2,36;1,99;0,74;1,23;1,58;1,27;0,82;1,81;0,53;1,5;0,57;0,61;1,46;0,59;0,59;0,97;NA;1,8;1,36;1,41;1,44;0,44;1,1;1;1,15;0,21;0,52;0,63;1,8;1,46;0,75;0,81;0,36;0,62;0,88;0,69;NA;1,37
"254";"1924";0,93;1;1;0,46;0,7;0,44;0,54;1,31;1,19;0,41;0,68;0,41;1,1;0,75;NA;0,89;1,03;0,77;0,55;1,29;0,21;0,86;0,14;0,37;0,71;0;1,25;0,76;1,14;2,07;2,05;1,13;2,09;1,94;1,51;1,44;1,31;2,89;2,64;0,84;2,07;1,9;1,74;1,5;1,77;0,54;1,39;0,52;0,43;0,99;0,59;0,61;0,66;NA;1,17;0,75;1,09;1,33;0,36;1,53;0,92;1,32;0,42;0,74;0,33;1,63;1,38;0,94;0,6;0,42;0,79;0,71;0,83;NA;1,61
"255";"1925";1,22;1,12;1,1;0,58;1,05;0,53;0,76;0,97;1,32;0,54;0,51;0,45;1,57;1,33;NA;0,9;1,34;0,58;0,66;1,49;0,27;0,71;0,18;0,46;0,93;0;1,32;1,22;1,2;2,46;2,07;1,38;1,4;2,17;1,47;1,61;1,94;2,75;1,82;1,23;1,84;1,45;1,21;2,34;2,15;0,67;1,52;0,55;0,52;1,1;0,48;0,57;0,63;NA;1;0,57;0,95;1,33;0,38;1,75;0,96;1,26;0,47;0,67;0,48;2,27;1,55;1,08;1,01;0,48;0,64;0,88;1,01;NA;1,68
"256";"1926";0,88;1,19;1,34;0,74;0,96;0,67;0,77;1,49;1,95;0,67;0,64;0,49;1,55;1,8;NA;1,16;1,15;0,7;0,8;1,5;0,47;0,65;0,21;0,35;0,72;0;1,41;1,13;1,32;3,13;1,35;0,94;1,65;1,31;1,26;2,25;1,22;2,56;1,31;1,19;1,75;1,5;1,17;2,15;1,65;0,7;1,24;0,63;0,52;1,18;0,27;0,48;0,47;NA;1,09;0,39;1,02;1,39;0,29;1,33;0,89;1,3;0,59;0,6;0,37;2,77;1,69;0,97;0,82;0,4;0,51;0,52;0,69;NA;1,16
"257";"1927";0,53;0,67;1,11;0,5;0,71;0,45;0,39;0,95;1,11;0,72;0,59;0,35;1,14;1,45;NA;1,21;1,16;0,68;0,38;1,84;0,37;0,58;0,14;0,29;1,1;0;1,46;1,07;1,08;3,03;1,7;1,59;1,98;1,48;2,38;2,26;1,31;2,38;1,68;1,27;2,61;2,09;1,73;2,06;1,92;0,61;1,17;0,38;0,4;1,07;0,53;0,43;0,45;NA;0,92;0,29;0,88;1,22;0,32;1,2;0,69;0,75;0,34;0,35;0,2;0,98;1;0,65;0,6;0,35;0,49;0,4;0,39;NA;0,65
"258";"1928";0,38;0,41;0,66;0,32;0,56;0,3;0,26;0,78;0,58;0,51;0,51;0,3;0,62;1,69;NA;0,93;0,82;0,55;0,59;1,69;0,45;0,5;0,14;0,23;0,64;0;1,37;1,02;1,07;2,63;0,67;1,19;1,27;1,85;1,04;1,92;0,95;1,92;1,25;0,96;1,32;1,7;0,59;0,79;1,07;0,41;0,79;0,18;0,23;0,7;0,24;0,34;0,4;NA;0,55;0,42;0,54;0,9;0;0,68;0,41;0,62;0,21;0;0,11;1,34;0,6;0,29;0,79;0,15;0,61;0,43;0,24;NA;0,51
"259";"1929";0,63;0,7;0,8;0,41;0,76;0,52;0,46;0,8;0,65;0,58;0,74;0,33;1,07;2,28;NA;0,83;0,85;0,52;0,51;1,48;0,39;0,53;0,14;0,11;0,6;0;1,2;0,5;0,81;2,89;1,3;1,29;1,51;2,73;0,77;2,27;1,47;2,02;1,18;1,17;1,99;1,62;0,89;1,44;1,13;0,57;0,92;0,24;0,28;0,96;0,25;0,35;0,48;NA;0,54;0,35;0,55;1,16;0;0,77;0,57;0,91;0,5;0,4;0,24;1,43;0,69;0,57;1,09;0,36;0,75;0,76;0,48;NA;0,6
"260";"1930";0,81;0,75;0,97;0,49;0,92;0,5;0,56;0,87;0,75;0,6;0,58;0,82;1,34;1,92;NA;0,93;0,93;0,62;0,59;1,87;0,49;0,47;0,26;0,17;0,55;0;1,41;0,72;1,03;2,48;1,63;1,05;1,66;2,21;1,04;1,86;1,05;2,33;1,28;1,86;2,72;1,54;1,37;2,3;2,25;0,52;1,09;0,13;0,32;0,82;0,32;0,41;0,5;NA;0,51;0,37;0,4;1;0;0,78;0,73;1,09;0,69;0,51;0,4;1,52;1,26;0,7;0,94;0,44;0,6;0,82;0,74;NA;0,62
"261";"1931";0,67;0,59;1,28;0,51;1;0,65;0,43;0,68;0,88;0,55;0,6;0,97;1,31;1,63;NA;0,95;0,69;0,67;0,38;1,59;0,56;0,43;0,27;0,16;0,58;0;1,18;0,91;1,14;2,51;1;0,88;1,38;1,76;0,88;1,36;1,09;1,83;1,03;1,42;1,63;1,87;1;2,04;1,44;0,36;0,98;0,26;0,4;0,99;0,38;0,55;0,6;NA;0,74;0,8;0,43;0,95;0;0,7;0,76;0,91;0,83;0,67;0,24;1,26;1,15;1,04;0,88;0,38;0,44;0,7;0,71;NA;0,55
"262";"1932";0,64;0,68;1,61;0,63;1,24;0,63;0,34;0,81;0,83;0,63;0,52;1,29;2,2;2,13;NA;0,81;0,66;0,59;0,52;1,76;0,39;0,51;0,24;0,19;0,66;0;1,34;1,11;1,2;1,96;1,2;1,37;1,6;2,15;1,33;1,56;1,74;2,34;1,37;1,07;1,82;2,12;1,28;1,88;1,24;0,33;0,94;0,39;0,54;0,74;0,47;0,4;0,47;NA;0,8;0,64;0,36;0,93;0;0,64;1,07;0,94;0,96;0,86;0,43;1,2;1,28;1,14;1,25;0,57;0,52;0,85;1,07;NA;0,98
"263";"1933";0,56;0,74;1,23;0,45;1,27;0,56;0,42;0,79;0,68;0,44;0,39;1,47;2,42;2,11;NA;1,04;0,92;0,55;0,42;1,89;0,52;0,4;0,26;0,13;0,76;0;1,91;0,98;1,57;2,92;1,34;1,59;1,47;1,84;1,67;1,92;1,24;2,51;1,62;1,09;2;1,98;1,51;1,37;1,11;0,7;0,95;0,4;0,84;1,02;0,53;0,49;0,54;NA;0,79;0,67;0,33;1,29;0,41;0,69;1,16;0,82;0,52;1,03;0,47;1,9;1,94;1;0,63;0,41;0,67;0,86;1,15;NA;1,1
"264";"1934";0,6;0,67;1,23;0,52;0,93;0,66;0,33;0,47;0,52;0,43;0,51;1,25;2,26;1,69;NA;0,74;0,97;0,73;0,49;1,77;0,46;0,39;0;0,22;0,89;0;1,77;0,73;1,59;2,32;1,65;1,21;1,54;1,08;1,16;1,88;0,76;2,04;1,56;1,39;1,68;1,56;1,31;1,35;1,15;0,83;1,19;0,39;0,81;0,81;0,62;0,56;0,54;NA;0,82;0,46;0,49;1,27;0,44;0,63;0,85;0,95;0,43;1,02;0,43;1,65;1,63;0,95;0,65;0,39;0,4;0,7;0,55;NA;0,95
"265";"1935";0,67;0,53;1,36;0,67;1,16;0,77;0,27;0,36;0,4;0,44;0,64;1,57;2,29;1,88;NA;1,22;1,01;0,73;0,57;2,08;0,75;0,55;0,31;0,3;0,83;0;1,93;0,84;1,88;2,82;1,41;1,39;1,34;1,13;1,36;1,85;0,56;1,62;1;1,04;1,3;1,52;0,8;1,04;0,94;0,84;1,45;0,36;0,89;1,05;0,73;0,64;0,53;NA;0,83;0,42;0,39;1,89;0,6;0,96;1,43;1,15;0,78;1,52;0,41;1,71;2,01;1,04;0,68;0,4;0,92;1,2;0,93;NA;0,91
"266";"1936";0,54;0,51;0,85;0,5;1,04;0,57;0,25;0,29;0,3;0,35;0,69;1,62;2,53;2,03;NA;1,39;1,14;0,63;0,4;1,77;0,68;0,42;0,35;0,23;0,75;0;1,63;0,51;1,54;2,11;1,51;1,36;1,46;1,37;1,58;1,86;0,8;1,61;0,91;0,77;1,32;1,75;0,63;0,94;0,76;0,78;1,41;0,36;1;1,24;0,67;0,56;0,63;NA;0,76;0,53;0,35;1,67;0,59;0,76;1,23;1,51;0,58;1,41;0,33;1,49;2,68;0,61;0,59;0,36;0,54;1,03;0,86;NA;0,9
"267";"1937";0,42;0,68;0,73;0,67;0,81;0,73;0,26;0,26;0,28;0,37;0,66;1,23;2,38;1,97;NA;1,53;1,02;0,51;0,52;1,64;0,48;0,5;0,34;0,27;0,72;0;1,71;0,56;1,36;1,4;1,45;1,31;1,78;1,8;1,85;2,06;1,07;1,68;1,42;1,09;2,11;2,13;0,88;1,32;0,91;0,55;1,45;0,32;0,39;0,82;0,6;0,57;0,52;NA;0,72;0,35;0,36;1,68;0,63;0,74;1,16;1,24;0,55;1,06;0,27;1,52;2,51;0,56;0,41;0,37;0,68;0,85;0,64;NA;1,07
"268";"1938";0,32;0,55;0,96;0,54;0,67;0,5;0,21;0,24;0,53;0,26;0,63;1,04;1,83;1,61;NA;1,15;1,01;0,54;0,41;1,65;0,35;0,42;0,27;0,29;0,38;0;1,47;0,95;1,37;1,31;0,7;0,36;1,4;1,46;0,67;1,59;1,18;1,43;0,78;0,58;0,99;1,82;0,49;0,85;0,9;0,63;1,69;0,33;0,77;0,89;0,62;0,59;0,59;NA;1;0,5;0,32;1,66;0,81;1,4;1,09;1,03;0,71;0,94;0,34;1,45;2,07;0,66;0,4;0,43;0,67;0,91;0,59;NA;0,87
"269";"1939";0,38;0,66;1,27;0,72;0,79;0,54;0,44;0,24;0,6;0,36;0,72;1,21;1,79;2,15;NA;0,85;0,51;0,36;0,34;1,67;0,29;0,37;0,32;0,2;0,37;0;0,9;0,84;0,99;1,33;0,52;0,53;2,09;1,17;0,5;1,74;1,05;1,01;0,5;0,53;1,44;2,05;0,4;0,55;0,64;0,45;1,22;0,37;0,33;0,71;0,47;0,53;0,44;NA;0,79;0,3;0,27;1,66;0,66;0,93;1,33;1,04;0,69;0,87;0,4;1,7;1,65;0,68;0,6;0,45;0,67;0,71;0,53;NA;0,8
"270";"1940";0,44;0,73;0,99;0,75;0,9;0,34;0,48;0,37;0,4;0,22;0,55;0,88;1,4;1,48;NA;0,77;0,4;0,48;0,42;1,55;0,4;0,29;0,22;0,22;0,36;0;0,74;0,37;0,61;1,6;0,35;0,25;1,05;0,89;0,38;1,47;0,58;0,92;0,71;0,43;1,1;1,17;0,28;0,29;0,46;0,36;1,02;0,41;0,37;0,66;0,62;0,53;0,56;NA;0,68;0,29;0,36;1,37;0,74;0,9;0,75;0,86;0,2;0,46;0,28;0,97;1,18;0,3;0,29;0,26;0,39;0,55;0,57;NA;0,59
"271";"1941";0,56;0,64;1,1;0,71;0,99;0,57;0,54;0,29;0,56;0,38;0,7;1,01;1,28;1,31;NA;0,86;0,46;0,52;0,36;1,79;0,4;0,4;0,22;0,16;0,56;0;0,47;0,26;0,73;1,38;0,79;0,51;1,15;1,54;0,68;2,5;1,4;1,45;0,87;0,77;0,87;1,51;0,88;0,84;0,99;0,53;1,25;0,37;NA;1,41;0,79;0,65;0,71;NA;0,75;0,53;0,44;1,84;1,1;1;0,75;1,04;0,32;0,49;0,5;1,16;1,16;0,45;0,36;0,45;0,51;0,81;0,64;NA;0,55
"272";"1942";0,52;0,67;1,19;0,61;0,82;0,58;0,45;0,43;0,46;0,32;0,64;0,99;1;1,19;NA;0,65;0,41;0,37;0,36;1,58;0,31;0,41;0,18;0,15;0,47;0;0,87;0,26;0,76;1,26;0,59;0,32;0,84;1,14;1,2;1,81;1,13;1,49;0,8;0,93;0,63;0,92;0,78;1,23;1,27;0,34;1,26;0,34;NA;0,83;0,81;0,67;0,8;NA;0,67;0,47;0,32;2,02;0,81;1,18;0,88;0,85;0,33;0,4;1,15;1,38;1,26;0,54;0,33;0,53;0,7;1,08;0,55;NA;0,6
"273";"1943";0,42;0,52;1,37;0,78;0,72;0,49;0,62;0,5;0,88;0,37;0,53;1,18;1,22;1,36;NA;1,19;0,69;0,44;0,45;1,94;0,37;0,47;0,24;0,35;0,49;0;0,8;0,94;0,96;1,85;1,12;0,53;1,23;1,53;1,68;1,68;1;2,28;1,04;1,16;1,46;1,55;0,8;1,57;1,15;0,76;1,29;0,46;NA;0,82;1,11;0,56;0,9;NA;0,93;0,44;0,4;1,88;0,79;1,9;0,69;1,15;0,47;0,37;0,83;1,83;2,34;0,63;0,33;0,59;0,48;0,91;0,53;NA;1,34
"274";"1944";0,57;0,75;1,39;0,94;0,75;0,69;0,87;0,62;0,82;0,47;0,39;1,14;1,26;1,34;NA;0,9;0,68;0,48;0,25;2;0,41;0,32;0,3;0,26;0,68;0;0,81;0,9;1,2;2,1;0,57;0,48;1,07;1;1,26;1,42;0,79;1,83;0,79;0,72;1,6;1,52;0,8;1,07;0,55;0,72;1,18;0,24;NA;0,66;0,95;0,57;0,73;NA;1,18;0,32;0,34;2,02;0,66;1,3;0,42;0,96;0,58;0,31;0,44;1,46;2,51;0,77;0,41;0,46;0,51;0,69;0,54;NA;1,24
"275";"1945";0,5;0,51;1,43;0,65;0,63;0,21;0,62;0,57;0,78;0,48;0,42;0,79;1,09;1,12;NA;0,92;1,92;0,35;0,28;2,81;0,4;0,45;0,13;0,28;0,39;0,91;0,51;1,1;1,26;2,15;0,49;0,34;0,9;1,01;1,38;1,99;0,81;1,62;0,95;0,54;1,27;1,26;0,53;1,32;0,71;0,84;0,72;0,2;NA;0,55;0,72;0,55;0,51;NA;1,26;0,23;0,31;1,79;0,43;1,16;0,47;0,92;0,88;0,34;0,62;1,53;2,21;0,73;0,41;0,6;0,46;0,81;0,59;NA;0,92
"276";"1946";0,76;0,44;1,56;0,7;0,79;0,23;0,61;0,61;0,82;0,4;0,55;0,72;1,17;0,91;NA;0,5;1,37;0,18;0,43;2,39;0,18;0,47;0,2;0,2;0,56;1,28;0,45;1,45;1,11;2,27;0,49;0,37;1,11;1,08;0,77;1,52;1,11;1,29;0,6;0,57;1,37;1,4;0,62;1,22;0,67;0,63;0,87;0,22;NA;0,48;0,7;0,6;0,59;NA;0,94;0,2;0,37;1,32;0,41;1,06;0,63;0,82;0,77;0,36;0,59;1,48;1,26;0,87;0,57;0,42;0,35;0,63;0,55;NA;0,49
"277";"1947";0,73;0,49;1,02;0,42;1,04;0,22;0,48;0,78;0,72;0,26;0,51;0,71;0,95;0,72;NA;1,02;1,52;0,15;0,59;2,16;0,43;0,68;0,19;0,48;0,88;1,35;1,08;2,78;1,71;2,34;0,46;0,56;0,92;1,16;1,25;1,55;0,86;1,42;0,69;0,37;1,32;1,25;0,4;1,13;0,39;1,1;0,87;0,3;NA;0,78;0,85;0,77;0,86;NA;1,04;0,28;0,49;1,81;0,69;1,23;0,75;0,97;1,22;0,46;0,62;1,67;1,39;1,13;0,81;0,4;0,28;0,93;0,82;NA;0,45
"278";"1948";0,48;0,45;1,15;0,44;0,98;0,3;0,32;0,67;0,53;0,27;0,46;0,46;0,99;0,59;NA;1,17;1,82;0,38;0,62;1,67;0,68;0,77;0,2;0,77;0,94;1,74;1,54;2,02;2,38;2,63;0,57;0,4;0,72;1,15;0,89;1,43;0,88;1,62;0,86;0,63;1,99;0,96;0,76;1,59;1;0,82;0,8;0,32;NA;0,5;0,86;0,55;0,59;NA;0,93;0,36;0,31;1;0,65;1,08;0,86;1,05;0,77;0,3;0,68;1,26;1,57;0,92;0,78;0,55;0,27;0,63;0,69;NA;0,66
"279";"1949";0,72;0,75;1,12;0,42;0,95;0,45;0,43;0,64;0,7;0,44;0,47;0,73;1,47;0,76;NA;1,29;2,32;0,58;0,45;1,87;0,62;0,9;0,21;1,06;1,3;1,74;2,43;1,87;3,2;3,1;0,5;0,7;0,74;1,11;0,94;1,41;1,08;1,38;1,24;0,59;1,37;1,05;0,63;1,06;0,74;1,09;0,83;0,37;NA;0,63;0,74;0,54;0,69;NA;1,05;0,57;0,46;1,49;0,78;1,59;0,74;1,54;0,99;0,4;0,57;1,37;1,7;0,87;1,23;0,9;0,53;0,96;0,85;NA;1,23
"280";"1950";0,45;0,65;1,15;0,5;0,7;0,42;0,31;0,6;0,62;0,43;0,34;0,77;1,31;0,91;NA;1,19;2,4;0,59;0,56;1,92;0,7;0,85;0,44;1,12;1,18;1,85;2,82;1,49;2,86;2,68;0,63;0,69;0,58;0,77;1,03;0,72;0,99;1,11;1,69;0,44;1,29;1,26;0,31;1,72;0,59;0,99;0,87;0,32;NA;0,6;0,69;0,73;0,66;NA;0,91;0,52;0,46;1,05;0,97;1,36;1;1,29;0,58;0,26;0,48;1,21;1,18;0,61;0,75;1,03;0,23;0,72;0,46;NA;0,77
"281";"1951";0,36;0,37;0,95;0,37;0,57;0,52;0,25;0,62;0,46;0,29;0,29;0,66;0,78;0,75;NA;1,04;2,53;0,69;0,62;2,15;0,76;0,77;0,5;0,48;1,2;1,78;2,76;1,59;2,59;2,61;0,84;0,97;0,59;0,71;1,27;1,19;1,01;1,27;1,34;0,64;1,17;1,22;0,61;1,78;0,77;0,99;0,83;0,2;NA;0,62;0,72;0,66;0,64;NA;0,84;0,4;0,4;1,01;1,07;1,07;0,97;1,18;0,77;0,35;0,66;1,28;1,24;0,76;0,99;1,01;0,23;0,98;0,7;NA;0,74
"282";"1952";0,37;0,68;1,07;0,51;0,67;0,52;0,28;0,53;0,62;0,21;0,33;0,68;0,85;0,75;NA;0,8;1,65;0,73;0,52;2,24;0,6;0,88;0,39;0,3;0,93;1,87;2,84;1,15;2,41;3,18;0,63;1,26;0,56;0,93;1,26;1,29;1,18;1,64;1,21;0,61;1,03;1,18;0,64;1,73;0,56;0,73;0,77;0,27;NA;0,65;0,67;0,67;0,63;NA;0,9;0,36;0,4;1,12;0,9;0,95;1,25;1,28;0,56;0,43;0,63;1,46;1,26;0,75;0,94;0,78;0,28;0,93;0,84;NA;0,94
"283";"1953";0,26;0,72;0,98;0,47;0,4;0,42;0,27;0,58;0,63;0,31;0,29;0,64;0,79;0,91;NA;0,88;1,34;0,69;0,56;2,26;0,54;0,91;0,26;0,12;0,89;1,54;3,32;0,94;2,73;3,5;0,75;1,32;0,62;0,99;1,52;1,2;1,05;1,41;1,4;0,91;1,08;1,33;0,44;1,53;0,84;0,48;0,57;0,17;NA;0,46;0,63;0,45;0,42;NA;0,79;0,3;0,3;0,93;0,43;0,98;1,03;0,99;0,62;0,31;0,37;1,18;0,93;0,64;1,16;1,81;0,56;0,87;0,42;NA;0,84
"284";"1954";0,35;0,59;1,22;0,65;0,56;0,47;0,35;0,46;0,44;0,34;0,36;0,54;0,81;1,11;NA;0,86;0,97;0,67;0,3;2,31;0,59;0,51;0,28;0,1;0,68;0,86;2,41;0,67;1,94;3,04;0,39;0,76;0,41;0,65;0,97;1,13;0,54;0,94;1,05;0,55;0,8;0,88;0,32;0,94;0,37;0,37;0,59;0,2;NA;0,43;0,55;0,54;0,46;NA;0,51;0,26;0,3;0,81;0,51;0,57;0,6;1,11;0,34;0,28;0,34;0,75;1,03;0,56;0,81;1,22;0,46;0,63;0,59;NA;1,08
"285";"1955";0,39;0,69;0,92;0,83;0,72;0,51;0,39;0,42;0,31;0,34;0,37;0,7;0,73;1,32;NA;1,02;1,14;0,82;0,33;2,22;0,76;0,52;0,51;0,12;0,62;0,94;2,35;1,04;2,16;3,26;0,46;0,99;0,33;0,7;1,08;1,48;0,61;0,91;0,76;0,47;1,29;0,93;0,46;0,84;0,46;0,38;0,71;0,2;NA;0,57;0,8;0,55;0,62;NA;0,64;0,27;0,25;1,1;0,55;0,7;0,74;1,07;0,59;0,34;0,46;0,84;1,4;0,62;1,05;1,1;0,6;0,83;0,73;NA;1,27
"286";"1956";0,31;0,64;0,68;0,69;0,73;0,52;0,41;0,56;0,53;0,36;0,39;0,63;0,76;0,73;NA;0,93;0,9;0,81;0,33;1,81;0,59;0,37;0,48;0,12;0,66;1,09;2,16;0,94;1,87;2,3;0,88;1;0,54;0,87;1,36;1,32;1,08;0,82;0,89;0,55;1,84;1,1;0,5;0,92;0,99;0,23;0,55;0,13;NA;0,81;0,39;0,63;0,44;NA;0,46;0,27;0,21;0,84;0,52;0,63;0,69;0,78;0,36;0,18;0,32;0,66;0,91;0,31;0,89;0,7;0,42;0,67;0,4;NA;0,57
"287";"1957";0,4;0,55;0,72;0,61;0,66;0,41;0,48;0,47;0,69;0,27;0,31;0,61;0,48;0,68;NA;1,14;0,81;0,95;0,38;2,29;0,51;0,37;0,45;0,15;0,56;1,37;2,86;0,8;2,68;2,93;0,9;0,7;0,53;0,98;1,41;1,36;0,93;0,95;0,61;0,5;1,27;0,88;0,68;1,11;0,96;0,24;0,65;0,22;NA;0,85;0,55;0,57;0,65;NA;0,72;0,3;0,28;0,98;0,69;0,87;0,84;0,84;0,36;0,3;0,26;0,53;0,94;0,46;1,37;1,05;0,63;0,78;0,44;NA;0,94
"288";"1958";0,39;0,46;0,7;0,69;0,63;0,4;0,55;0,47;0,61;0,38;0,35;0,42;0,61;0,73;NA;1,35;0,91;0,91;0,34;2,24;0,54;0,41;0,37;0,16;0,71;1,36;2,97;0,69;2,63;3,06;0,76;1,06;0,5;1,08;1,37;1,15;0,5;1,17;1,1;0,32;0,98;0,92;0,29;1,18;0,89;0,33;0,58;0,23;NA;0,68;0,52;0,52;0,8;NA;0,66;0,27;0,24;0,72;0,57;0,7;0,91;0,78;0,44;0,35;0,29;0,56;0,95;0,57;0,62;0,69;0,45;0,66;0,56;NA;0,62
"289";"1959";0,35;0,76;0,83;0,95;0,6;0,48;0,72;0,54;0,46;0,3;0,44;0,81;0,9;1,07;NA;1,76;1,27;0,92;0,38;2,24;0,91;0,42;0,56;NA;0,54;1,23;2,56;0,97;1,72;2,77;0,42;1,07;0,63;1,05;1,46;1,2;0,55;0,85;1,18;0,23;1,03;0,81;0,48;0,81;0,5;0,26;0,63;0,23;NA;0,67;0,53;0,61;0,67;NA;0,57;0,39;0,21;0,69;0,56;0,79;1,13;0,63;0,52;0,47;0,33;0,66;0,82;0,51;0,5;1,04;0,4;0,68;0,8;NA;0,57
"290";"1960";0,39;0,53;0,84;1,05;0,75;0,3;0,67;0,41;0,37;0,36;0,59;0,89;0,74;1,05;NA;1,46;0,87;0,72;0,34;1,74;0,71;0,23;0,57;NA;0,51;1,16;2,51;0,95;1,67;2,12;0,85;1,1;0,72;1,89;1,51;1,56;1,6;0,81;1,45;0,52;1,96;1,15;0,61;1,69;0,81;0,29;0,69;0,26;NA;0,57;0,69;0,63;0,64;NA;0,74;0,31;0,33;0,87;0,65;0,74;1,27;0,57;0,45;0,42;0,31;0,6;0,77;0,52;0,58;0,63;0,53;0,52;0,48;NA;0,27
"291";"1961";0,13;0,33;0,52;0,68;0,43;0,25;0,45;0,27;0,33;0,28;0,28;0,61;0,25;0,96;NA;1,15;0,67;0,64;0,37;1,57;0,59;0,27;0,45;NA;0,53;1,21;2,17;0,82;1,58;1,92;0,91;0,71;0,46;1,79;1,18;1,46;1,33;0,44;1,15;0,36;1,17;0,92;0,56;1,98;0,69;0,29;0,71;0,22;NA;0,53;0,55;0,47;0,69;NA;0,68;0,19;0,3;0,89;0,61;0,94;0,97;0,44;0,41;0,3;0,14;0,51;0,57;0,58;0,33;0,46;0,38;0,48;0,72;NA;0,25
"292";"1962";0,22;0,39;0,8;0,65;0,49;0,22;0,36;0,38;0,24;0,3;0,38;0,73;0,26;1,18;NA;1,02;0,88;0,71;0,34;1,93;0,62;0,34;0,42;NA;0,5;0,98;1,56;1,21;1,62;2,48;0,6;1,03;0,51;1,7;1,31;1,54;1,44;0,41;1,48;0,46;1,39;1,22;0,36;2,12;0,51;0,41;1;0,13;NA;0,51;0,61;0,51;0,88;NA;0,9;0,23;0,22;0,78;0,55;1,24;1,62;0,43;0,48;0,47;0,22;0,48;0,76;0,74;0,26;0,63;0,58;0,48;0,86;NA;0,22
"293";"1963";0,28;0,62;0,88;0,87;0,7;0,19;0,5;0,48;0,4;0,34;0,55;0,69;0,32;1,23;NA;1,07;1,16;0,9;0,45;1,9;0,62;0,42;0,36;NA;0,57;1,32;1,55;0,8;1,72;2,3;0,33;0,61;0,48;1,53;0,85;1,28;1,43;0,56;1,06;0,31;1,33;0,85;0,19;1,07;0,26;0,32;1,12;0,18;NA;0,52;0,6;0,68;0,85;NA;0,89;0,39;0,28;0,81;0,63;1,11;1,66;0,35;0,49;0,72;0,33;0,64;0,71;0,89;0,37;0,69;0,58;0,57;1,16;NA;0,26
"294";"1964";0,38;0,59;1,45;1,09;0,89;0,29;0,86;0,79;0,94;0,39;0,67;0,96;0,46;1,53;NA;1,12;1,26;0,99;0,29;2,07;0,82;0,38;0,44;NA;0,63;1,28;1,84;1,05;1,98;2,39;0,53;0,75;0,49;2,13;0,79;1,45;1,58;0,74;1,02;0,52;1,24;0,67;0,45;1,09;0,46;0,33;1,28;0,3;NA;0,7;0,42;0,66;0,9;NA;1,04;0,64;0,27;0,81;0,73;1,23;1,52;0,48;0,59;1,21;0,4;0,74;0,78;0,86;0,57;0,33;0,9;0,53;0,98;NA;0,45
"295";"1965";0,31;0,63;1,41;1,19;0,91;0,26;0,65;0,88;0,95;0,27;0,86;0,87;0,49;1,03;NA;0,99;1,2;0,91;0,28;2,29;0,75;0,23;0,4;NA;0,48;0,91;1,54;0,62;1,75;2,09;0,9;0,92;0,75;2,07;1,39;1,68;1,47;0,72;1,48;0,59;1,56;1,32;0,57;1,62;0,73;0,29;1,31;0,16;NA;0,54;0,48;0,49;0,87;NA;0,94;0,49;0,3;0,93;0,69;1,07;0,99;0,43;0,52;1,13;0,42;0,9;0,76;0,55;0,45;0,29;0,59;0,41;0,78;NA;0,36
"296";"1966";0,23;0,51;1,35;1,31;0,68;0,29;0,5;0,74;0,71;0,25;0,91;0,94;0,59;0,82;NA;0,9;0,97;0,94;0,33;2,18;0,8;0,29;0,38;NA;0,55;1,23;1,34;0,47;1,43;2,02;0,57;0,49;0,75;2,96;1,52;1,56;1,29;0,56;1,29;0,37;0,83;0,84;0,35;1,99;0,45;0,35;1,18;0,22;NA;0,58;0,85;0,52;0,69;NA;0,77;0,54;0,25;1,02;0,75;1,14;0,79;0,36;0,49;1,2;0,36;0,82;0,67;0,34;0,33;0,56;0,61;0,42;0,57;NA;0,36
"297";"1967";0,25;0,56;1,14;1,26;0,76;0,21;0,45;0,82;0,58;0,29;0,91;1,01;0,75;0,72;NA;0,92;1,16;1,37;0,37;2,25;0,83;0,36;0,37;NA;0,57;1,13;1,86;1,42;1,9;2,59;0,64;1,03;1,15;3,63;1,92;2,49;2,07;0,6;1,26;0,36;2,18;1,43;0,37;1,9;0,48;0,43;1,51;0,33;NA;0,67;NA;0,53;0,93;NA;0,98;0,7;0,33;1,07;1,04;1,46;0,58;0,47;0,72;1,55;0,28;1,65;0,79;0,34;0,69;0,67;0,51;0,37;0,6;NA;0,36
"298";"1968";0,15;0,33;0,53;0,58;0,5;0,14;0,24;0,45;0,46;0,17;0,75;0,7;0,63;0,65;NA;1,17;1,3;1,24;0,42;2,61;1,18;0,34;0,49;NA;0,78;1,37;1,72;1,52;1,79;2,16;0,75;1,35;1,13;3,48;2,14;1,47;1,53;0,28;0,41;0,44;2,89;1,38;0,32;1,52;0,57;0,41;1,16;0,2;NA;0,37;NA;0,44;0,77;NA;0,67;0,51;0,28;0,78;0,68;1,32;0,43;0,46;0,4;1,51;0,19;1,89;0,66;0,25;0,78;0,52;0,36;0,39;0,52;NA;0,37
"299";"1969";0,22;0,49;0,48;0,64;0,59;0,32;0,38;0,68;0,49;0,14;0,8;0,45;0,61;0,82;NA;1,17;1,08;1,12;0,4;1,63;1,06;0,25;0,43;NA;0,68;1,04;1,31;0,66;1,29;1,4;0,46;0,94;0,72;2,23;1,53;1;1,34;0,46;0,37;0,28;1,42;0,79;0,28;1,26;0,35;0,42;0,97;0,2;NA;0,37;NA;0,53;0,55;NA;0,57;0,38;0,26;0,58;0,62;1,05;0,45;0,49;0,26;1,16;0,15;1,81;0,61;0,22;0,53;0,39;0,38;0,25;0,6;NA;0,26
"300";"1970";0,27;0,48;0,79;0,75;0,6;0,45;0,4;0,8;0,51;0,19;0,95;0,54;0,75;0,7;NA;1,6;1,06;1,31;0,34;1,78;1,01;0,28;0,36;NA;0,58;0,91;1,59;0,55;0,99;1,54;0,56;0,9;0,7;1,78;1,34;1,52;1,67;0,88;0,72;0,29;1,47;1,04;0,31;1,27;0,54;0,43;0,83;0,31;NA;0,42;NA;0,5;0,68;NA;0,7;0,39;0,29;0,81;0,65;0,8;0,44;0,59;0,31;0,78;0,16;1,39;0,57;0,41;0,6;0;0,46;0,29;0,25;NA;0,26
"301";"1971";0,22;0,81;1,13;0,78;0,68;0,51;0,41;0,78;0,73;0,25;0,97;0,7;1,41;1,05;NA;1,12;0,93;1,38;0,42;2,34;1,14;0,42;0,28;NA;0,76;0,98;1,34;0,76;1,28;1,42;0,51;0,79;0,69;1,23;1,06;1,15;1,58;0,81;1,09;0,5;1,09;0,94;0,35;0,79;0,55;0,35;0,96;0,23;NA;0,48;NA;0,4;0,76;NA;0,8;0,47;0,37;0,76;0,67;1,02;0,63;0,63;0,52;1,05;0,23;1,25;0,48;0,75;0,83;0,65;0,62;0,48;0,57;NA;0,43
"302";"1972";0,16;0,66;1,21;0,76;0,65;0,67;0,38;0,9;0,89;0,23;0,92;0,76;1,6;1,28;NA;1,37;0,96;1,04;0,43;2,39;1,15;0,36;0,41;NA;0,95;1,05;1,14;0,91;1,65;1,54;0,55;0,76;0,6;0,98;1,44;1,77;1,14;0,69;1,35;0,34;1,02;0,67;0,14;0,75;0,22;0,36;1,2;0,35;NA;0,45;NA;0,47;0,73;NA;0,71;0,27;0,42;0,71;0,61;1,08;0,62;0,65;0,45;0,93;0,22;1,18;0,48;0,87;0,82;0,58;0,6;0,57;0,51;NA;0,55
"303";"1973";0,19;0,6;0,61;0,7;0,6;0,83;0,34;0,78;0,82;0,26;0,72;0,65;1,28;1,34;NA;1,55;0,87;1,23;0,47;1,95;1,06;0,38;0,32;NA;0,88;1,27;1,14;0,98;1,58;1,33;0,46;0,87;0,77;1,41;1,7;1,57;1,47;0,75;1,75;0,4;1,53;0,76;0,2;0,76;0,34;0,35;1,09;0,29;NA;0,46;NA;0,49;0,71;NA;0,77;0,37;0,55;0,75;0,62;0,9;0,63;0,69;0,38;0,65;0,27;1,07;0,47;0,74;0,71;0,65;0,45;0,39;0,48;NA;0,35
"304";"1974";0,13;0,44;0,74;0,57;0,52;0,65;0,24;0,81;0,7;0,18;0,48;0,55;0,95;1,28;NA;1,63;0,74;1,36;0,48;1,92;1,15;0,3;0,3;NA;0,7;1,16;1,02;0,81;1,22;1,12;0,43;0,77;1;1,04;1,67;1,13;0,77;0,6;2,16;0,24;1,3;0,61;0,17;0,56;0,36;0,14;0,76;0,26;NA;0,29;NA;0,38;0,6;NA;0,59;0,22;0,29;0,49;0,38;0,66;0,49;0,63;0,25;0,71;0,23;1,02;0,39;0,72;0,49;0,67;0,5;0,48;0,39;NA;0,32
"305";"1975";0,2;0,47;0,77;0,42;0,53;1;0,23;0,72;0,72;0,2;0,38;0,62;0,84;1,46;NA;1,78;1,18;1,22;0,5;2,18;1,23;0,34;0,21;NA;0,74;1,21;1,3;1,3;1,34;1,84;0,5;0,64;1,13;0,91;1,41;0,96;0,64;0,56;1,44;0,2;1,84;0,88;0,39;0,62;0,44;0,27;0,8;0,21;NA;0,36;NA;0,47;0,71;NA;0,47;0,32;0,41;0,55;0,63;0,97;0,65;0,63;0,41;0,8;0,33;1,39;0,5;1,05;0,94;0,44;0,71;0,44;0,47;NA;0,3
"306";"1976";0,34;0,64;0,65;0,48;0,57;1,04;0,28;0,56;0,63;0,19;0,55;0,41;1,09;1,65;NA;1,84;0,94;1,38;0,34;2,16;1,37;0,3;0,27;NA;0,62;1,33;1,24;1,26;1,6;1,63;0,48;0,73;0,7;0,67;0,84;1,12;0,53;0,42;0,81;0,26;1,07;0,76;0,21;0,49;0,41;0,26;0,65;0,32;NA;0,5;NA;0,79;0,84;NA;0,54;0,35;0,56;0,49;0,64;0,87;0,52;0,66;0,46;0,83;0,41;1,14;0,45;1,09;0,89;0,45;0,46;0,4;0,39;NA;0,42
"307";"1977";NA;NA;NA;NA;NA;NA;NA;NA;NA;NA;NA;NA;NA;NA;NA;1,72;0,88;1,54;0,4;2,16;1,29;0,28;0,32;NA;0,59;1;1,51;1,17;1,52;1,97;NA;NA;NA;NA;NA;NA;NA;NA;NA;NA;NA;NA;NA;NA;NA;0,27;0,71;0,26;NA;0,44;NA;0,64;0,64;NA;0,69;0,36;0,47;0,52;0,57;0,72;0,49;0,59;0,36;0,76;0,38;1,01;0,35;0,71;0,62;0,39;0,39;0,27;0,37;NA;0,29
"308";"1978";NA;NA;NA;NA;NA;NA;NA;NA;NA;NA;NA;NA;NA;NA;NA;1,23;0,82;1,36;0,42;1,93;1,03;0,28;0,28;NA;0,55;0,85;1,4;1,03;1,2;1,72;NA;NA;NA;NA;NA;NA;NA;NA;NA;NA;NA;NA;NA;NA;NA;0,24;0,8;0,38;NA;0,32;NA;0,64;0,63;NA;0,56;0,43;0,4;0,59;0,64;0,88;0,66;0,76;0,46;0,84;0,42;1,06;0,51;0,87;0,66;0,37;0,51;0,45;0,61;NA;0,35
